N#Cc1ccc(C(c2ccc(C#N)cc2)n2cncn2)cc1,DB01006,Letrozole
OC[C@H]1O[C@H](O[C@]2(CO)O[C@H](CO)[C@@H](O)[C@@H]2O)[C@H](O)[C@@H](O)[C@@H]1O,DB02772,Sucrose
CC(C)[C@@H]1CC[C@@H](C)C[C@H]1O,DB14123,Racementhol
O=C([O-])CCc1ccc(O)c(CN(CCN(CC(=O)[O-])Cc2cc(CCC(=O)NCCCCCC(=O)NCCCC[C@H](NC(=O)N[C@@H](CCC(=O)O)C(=O)O)C(=O)O)ccc2O)CC(=O)[O-])c1.[68Ga+3],DB16019,Gallium Ga-68 gozetotide
O=C(c1cc(Cc2n[nH]c(=O)c3ccccc23)ccc1F)N1CCN(C(=O)C2CC2)CC1,DB09074,Olaparib
C#Cc1cccc(Nc2ncnc3cc(OCCOC)c(OCCOC)cc23)c1,DB00530,Erlotinib
CCOC(=O)c1ccc(N)cc1,DB01086,Benzocaine
CCc1c2c(nc3ccc(OC(=O)N4CCC(N5CCCCC5)CC4)cc13)-c1cc3c(c(=O)n1C2)COC(=O)[C@]3(O)CC,DB00762,Irinotecan
COc1cc2c(cc1O)CCN[C@]21CS[C@@H]2c3c(OC(C)=O)c(C)c4c(c3[C@H](COC1=O)N1[C@@H](O)[C@@H]3Cc5cc(C)c(OC)c(O)c5[C@H]([C@H]21)N3C)OCO4,DB05109,Trabectedin
CC1(C)C(/C=C/C2=C(Oc3ccc(C[C@H](NC(=O)c4ccc(NCc5cnc6nc(N)[nH]c(=O)c6n5)cc4)C(=O)O)cc3)/C(=C/C=C3/N(CCCCS(=O)(=O)O)c4ccc(S(=O)(=O)O)cc4C3(C)C)CCC2)=[N+](CCCCS(=O)(=O)O)c2ccc(S(=O)(=O)[O-])cc21,DB15413,Pafolacianine
C[C@]12CC[C@@H]3c4ccc(O)cc4C[C@@H](CCCCCCCCCS(=O)CCCC(F)(F)C(F)(F)F)[C@H]3[C@@H]1CC[C@@H]2O,DB00947,Fulvestrant
CNS(=O)(=O)Nc1nccc(Cc2c(C)c3ccc(Oc4ncccn4)cc3oc2=O)c1F,DB15254,Avutometinib
CC(O)c1cc(C(=O)N[C@@H](C)Cn2ccc(-c3ccc(C#N)c(Cl)c3)n2)n[nH]1,DB12941,Darolutamide
CNCc1ccc(-c2[nH]c3cc(F)cc4c3c2CCNC4=O)cc1,DB12332,Rucaparib
CC/C(=C(\c1ccccc1)c1ccc(OCCN(C)C)cc1)c1ccccc1,DB00675,Tamoxifen
O=C(O)CC[C@H](NC(=O)N[C@@H](CCCCNC(=O)c1ccc([18F])nc1)C(=O)O)C(=O)O,DB14805,Piflufolastat F 18
O=P([O-])([O-])F.[Na+].[Na+],DB09484,Sodium fluorophosphate
O=[N+]([O-])[O-].O=[N+]([O-])[O-].O=[N+]([O-])[O-].[Ga+3],DB05260,Gallium nitrate
COc1cc2nccc(Oc3ccc(NC(=O)C4(C(=O)Nc5ccc(F)cc5)CC4)cc3)c2cc1OC,DB08875,Cabozantinib
CN1CCC(COc2cnc(-c3cccc(Cn4nc(-c5cccc(C#N)c5)ccc4=O)c3)nc2)CC1,DB15133,Tepotinib
CNC(=O)c1ccccc1Sc1ccc2c(/C=C/c3ccccn3)n[nH]c2c1,DB06626,Axitinib
C[C@]12CC[C@@H]3c4ccc(O)cc4CC[C@H]3[C@@H]1C[C@@H]([18F])[C@@H]2O,DB15690,Fluoroestradiol F-18
O=P([O-])(O)CN(CCN(CP(=O)([O-])O)CP(=O)(O)O)CP(=O)([O-])O.[153Sm+3],DB05273,Samarium (153Sm) lexidronam
Nc1ccn([C@@H]2O[C@H](CO)[C@@H](O)C2(F)F)c(=O)n1,DB00441,Gemcitabine
C[N+](C)(C)C[C@H](O)CC(=O)[O-],DB00583,Levocarnitine
Cc1cnc(C(=O)NCCc2ccc(S(=O)(=O)NC(=O)NC3CCCCC3)cc2)cn1,DB01067,Glipizide
CC(C)(C)c1nc(-c2cccc(NS(=O)(=O)c3c(F)cccc3F)c2F)c(-c2ccnc(N)n2)s1,DB08912,Dabrafenib
COc1cc2nccc(Oc3ccc(NC(=O)NC4CC4)c(Cl)c3)c2cc1C(N)=O,DB09078,Lenvatinib
CNC(=O)c1ccc(-c2cnc3ncc(Cc4ccc5ncccc5c4)n3n2)cc1F,DB11791,Capmatinib
COc1cc2ncnc(Nc3ccc(F)c(Cl)c3)c2cc1OCCCN1CCOCC1,DB00317,Gefitinib
CC(=O)N[C@H](Cc1ccc2ccccc2c1)C(=O)N[C@H](Cc1ccc(Cl)cc1)C(=O)N[C@H](Cc1cccnc1)C(=O)N[C@@H](CO)C(=O)N[C@@H](Cc1ccc(NC(=O)[C@@H]2CC(=O)NC(=O)N2)cc1)C(=O)N[C@H](Cc1ccc(NC(N)=O)cc1)C(=O)N[C@@H](CC(C)C)C(=O)N[C@@H](CCCCNC(C)C)C(=O)N1CCC[C@H]1C(=O)N[C@H](C)C(N)=O,DB06699,Degarelix
Cc1nc(NC(=O)N2CCC[C@H]2C(N)=O)sc1-c1ccnc(C(C)(C)C(F)(F)F)c1,DB12015,Alpelisib
CNC(=O)c1ccc(N2C(=S)N(c3cnc(C#N)c(C(F)(F)F)c3)C(=O)C23CCC3)cc1F,DB11901,Apalutamide
CN(C)CCOc1ccc(/C(=C(/CCCl)c2ccccc2)c2ccccc2)cc1,DB00539,Toremifene
CCNCCc1ccc(CN(CC)c2cc(OC)ccc2[C@@H]2CCc3cc(O)ccc3C2)cc1,DB06374,Elacestrant
CN(C)C(=O)c1cc2cnc(Nc3ccc(N4CCNCC4)cn3)nc2n1C1CCCC1,DB11730,Ribociclib
CCCCCOC(=O)Nc1nc(=O)n([C@@H]2O[C@H](C)[C@@H](O)[C@H]2O)cc1F,DB01101,Capecitabine
[223Ra+2].[Cl-].[Cl-],DB08913,Radium Ra 223 dichloride
CC(C)(C)[Si]([18F])(c1ccc(C(=O)NC[C@@H](NC(=O)CC[C@@H](C(=O)O)N2CCN(CC(=O)O)CCN(CC(=O)O)CCN(CC(=O)O)CC2)C(=O)N[C@H](CCCCNC(=O)CCC(=O)NCCC[C@@H](NC(=O)CC[C@H](NC(=O)N[C@@H](CCC(=O)O)C(=O)O)C(=O)O)C(=O)O)C(=O)O)cc1)C(C)(C)C,DB17851,Flotufolastat F-18
CCC1=C(C)CN(C(=O)NCCc2ccc(S(=O)(=O)NC(=O)N[C@H]3CC[C@H](C)CC3)cc2)C1=O,DB00222,Glimepiride
C=C1C[C@@H]2[C@H](CC[C@]3(C)C(=O)CC[C@@H]23)[C@@]2(C)C=CC(=O)C=C12,DB00990,Exemestane
N[Pt](N)(Cl)Cl,DB00515,Cisplatin
CS(=O)(=O)CCNCc1ccc(-c2ccc3ncnc(Nc4ccc(OCc5cccc(F)c5)c(Cl)c4)c3c2)o1,DB01259,Lapatinib
CONC(=O)Nc1ccc(-c2sc3c(c2CN(C)C)c(=O)n(-c2ccc(OC)nn2)c(=O)n3Cc2c(F)cccc2F)cc1,DB11853,Relugolix
O=c1cc(O)c(Cl)c[nH]1,DB09257,Gimeracil
CC(=O)Nc1cccc(-n2c(=O)n(C3CC3)c(=O)c3c(Nc4ccc(I)cc4F)n(C)c(=O)c(C)c32)c1,DB08911,Trametinib
C=CC(=O)NC1CCN(c2ncc3ncnc(Nc4ccc(Oc5ccc6c(c5)ncn6C)c(C)c4)c3n2)CC1,DB18762,Zongertinib
COc1cc(OC)cc(N(CCNC(C)C)c2ccc3ncc(-c4cnn(C)c4)nc3c2)c1,DB12147,Erdafitinib
CC(C)(C#N)c1cc(Cn2cncn2)cc(C(C)(C)C#N)c1,DB01217,Anastrozole
CC[C@H]1c2cc3[n-]c(c(CC(=O)OC)c4nc(cc5[n-]c(cc(n2)[C@@H]1C)c(C(C)=O)c5C)[C@@H](C)[C@@H]4CCC(=O)O)c(C(=O)NCCS(=O)(=O)O)c3C.[Pd+2],DB15575,Padeliporfin
C[C@H]1O[C@H](O[C@@H]2[C@@H](CO)O[C@H](O[C@H]([C@H](O)CO)[C@H](O)[C@@H](O)C=O)[C@H](O)[C@H]2O)[C@H](O)[C@@H](O)[C@@H]1N[C@H]1C=C(CO)[C@@H](O)[C@H](O)[C@H]1O,DB00284,Acarbose
CCc1cc2c(cc1N1CCC(N3CCOCC3)CC1)C(C)(C)c1[nH]c3cc(C#N)ccc3c1C2=O,DB11363,Alectinib
Cn1ncnc1[C@H]1c2n[nH]c(=O)c3cc(F)cc(c23)N[C@@H]1c1ccc(F)cc1,DB11760,Talazoparib
CCN1CCN(Cc2ccc(Nc3ncc(F)c(-c4cc(F)c5nc(C)n(C(C)C)c5c4)n3)nc2)CC1,DB12001,Abemaciclib
COc1cc2c(Nc3ccc(Br)cc3F)ncnc2cc1OCC1CCN(C)CC1,DB05294,Vandetanib
CC(=O)O[C@H]1C(=O)[C@]2(C)[C@@H](O)C[C@H]3OC[C@@]3(OC(C)=O)[C@H]2[C@H](OC(=O)c2ccccc2)[C@]2(O)C[C@H](OC(=O)[C@H](O)[C@@H](NC(=O)c3ccccc3)c3ccccc3)C(C)=C1C2(C)C,DB01229,Paclitaxel
CN1CCN(c2ccc(Nc3ncc4cc5n(c4n3)C3(CCCCC3)CNC5=O)nc2)CC1,DB15442,Trilaciclib
C[C@H](Nc1ccc(C#N)n(C)c1=O)c1cc2cc(Cl)ccc2[nH]c1=O,DB16267,Olutasidenib
C/C(=C\c1csc(C)n1)[C@@H]1C[C@@H]2O[C@]2(C)CCC[C@H](C)[C@H](O)[C@@H](C)C(=O)C(C)(C)[C@@H](O)CC(=O)N1,DB04845,Ixabepilone
CCCCNC(=O)NS(=O)(=O)c1ccc(C)cc1,DB01124,Tolbutamide
CO[C@]1(C(=O)N[C@@H](C)c2ccc(-n3cc(F)cn3)nc2)CC[C@H](c2nc(C)cc(Nc3cc(C)[nH]n3)n2)CC1,DB15822,Pralsetinib
C=CC(=O)Nc1cc(Nc2nccc(-n3cc(CN(C)C)c(-c4ccccc4)n3)n2)c(OC)cc1N1CCOCC1,DB16216,Lazertinib
C[C@H]1CN(C(=O)c2ccc(NC(=O)c3cc(O[C@H](C)c4c(Cl)ccc(F)c4Cl)c(N)nn3)cc2)C[C@@H](C)N1,DB14860,Ensartinib
C#CCC(Cc1cnc2nc(N)nc(N)c2n1)c1ccc(C(=O)N[C@@H](CCC(=O)O)C(=O)O)cc1,DB06813,Pralatrexate
CC(=O)O[C@@]12CO[C@@H]1C[C@H](O)[C@@]1(C)C(=O)[C@H](O)C3=C(C)[C@@H](OC(=O)[C@H](O)[C@@H](NC(=O)OC(C)(C)C)c4ccccc4)C[C@@](O)([C@@H](OC(=O)c4ccccc4)[C@@H]12)C3(C)C,DB01248,Docetaxel
C[C@H]1Oc2cc(cnc2N)-c2c(nn(C)c2C#N)CN(C)C(=O)c2ccc(F)cc21,DB12130,Lorlatinib
O=c1[nH]c(=O)n([C@H]2C[C@H](O)[C@@H](CO)O2)cc1C(F)(F)F,DB00432,Trifluridine
C=CC(=O)N1CCN(c2nc(=O)n(-c3c(C)ccnc3C(C)C)c3nc(-c4c(O)cccc4F)c(F)cc23)[C@@H](C)C1,DB15569,Sotorasib
C[C@]12C(=O)OC(=O)[C@@]1(C)[C@@H]1CC[C@H]2O1,DB12328,Cantharidin
CC[C@H](C)[C@H](NC(=O)[C@@H]1CCCN1C(=O)CNC(=O)[C@H](Cc1ccccc1)NC(=O)[C@H](CC(N)=O)NC(=O)[C@H](CC(N)=O)NC(=O)[C@H](CO)NC(=O)[C@H](CO)NC(=O)[C@H](Cc1cnc[nH]1)NC(=O)[C@@H](NC(=O)[C@H](CC(C)C)NC(=O)[C@H](Cc1ccccc1)NC(=O)[C@H](CC(N)=O)NC(=O)[C@H](C)NC(=O)[C@H](CC(C)C)NC(=O)[C@H](CCCNC(=N)N)NC(=O)[C@H](CCC(N)=O)NC(=O)[C@@H](NC(=O)[C@H](C)NC(=O)[C@@H]1CSSC[C@H](NC(=O)[C@@H](N)CCCCN)C(=O)N[C@@H](CC(N)=O)C(=O)N[C@@H]([C@@H](C)O)C(=O)N[C@@H](C)C(=O)N[C@@H]([C@@H](C)O)C(=O)N1)[C@@H](C)O)C(C)C)C(=O)N[C@@H](CC(C)C)C(=O)N1CCC[C@H]1C(=O)N1CCC[C@H]1C(=O)N[C@H](C(=O)N[C@@H](CC(N)=O)C(=O)N[C@H](C(=O)NCC(=O)N[C@@H](CO)C(=O)N[C@@H](CC(N)=O)C(=O)N[C@H](C(=O)N[C@@H](Cc1ccc(O)cc1)C(N)=O)[C@@H](C)O)C(C)C)[C@@H](C)O,DB01278,Pramlintide
CC(=O)O.CC(=O)O.CCNC(=O)[C@@H]1CCCN1C(=O)[C@H](CCCNC(=N)N)NC(=O)[C@H](CC(C)C)NC(=O)[C@@H](Cc1cn(Cc2ccccc2)cn1)NC(=O)[C@H](Cc1ccc(O)cc1)NC(=O)[C@H](CO)NC(=O)[C@H](Cc1c[nH]c2ccccc12)NC(=O)[C@H](Cc1c[nH]cn1)NC(=O)[C@@H]1CCC(=O)N1,DB06788,Histrelin
CC[C@@]1(O)C(=O)OCc2c1cc1n(c2=O)Cc2cc3c(CN(C)C)c(O)ccc3nc2-1,DB01030,Topotecan
COc1cccc2c1C(=O)c1c(O)c3c(c(O)c1C2=O)C[C@@](O)(C(=O)CO)C[C@@H]3O[C@H]1C[C@H](N)[C@H](O)[C@H](C)O1,DB00997,Doxorubicin
O=C(Cc1ccc(-c2ccc(OCCN3CCOCC3)cc2)cn1)NCc1ccccc1,DB06137,Tirbanibulin
CC(C)=CCC/C(C)=C/CO,DB14183,Geraniol
Cc1cc(Nc2ncc(Cl)c(Nc3ccccc3S(=O)(=O)C(C)C)n2)c(OC(C)C)cc1C1CCNCC1,DB09063,Ceritinib
CCOc1cc2ncc(C#N)c(Nc3ccc(OCc4ccccn4)c(Cl)c3)c2cc1NC(=O)/C=C/CN(C)C,DB11828,Neratinib
COC(=O)N[C@@H](C)CNc1nccc(-c2cn(C(C)C)nc2-c2cc(Cl)cc(NS(C)(=O)=O)c2F)n1,DB11718,Encorafenib
CN1CCN(c2ccc(C(=O)Nc3n[nH]c4ccc(Cc5cc(F)cc(F)c5)cc34)c(NC3CCOCC3)c2)CC1,DB11986,Entrectinib
CC[C@H](C)[C@H](NC(=O)[C@H](Cc1ccccc1)NC(=O)[C@H](CCC(=O)O)NC(=O)[C@H](CCCCNC(=O)COCCOCCNC(=O)COCCOCCNC(=O)CC[C@@H](NC(=O)CCCCCCCCCCCCCCCCC(=O)O)C(=O)O)NC(=O)[C@H](C)NC(=O)[C@H](C)NC(=O)[C@H](CCC(N)=O)NC(=O)CNC(=O)[C@H](CCC(=O)O)NC(=O)[C@H](CC(C)C)NC(=O)[C@H](Cc1ccc(O)cc1)NC(=O)[C@H](CO)NC(=O)[C@H](CO)NC(=O)[C@@H](NC(=O)[C@H](CC(=O)O)NC(=O)[C@H](CO)NC(=O)[C@@H](NC(=O)[C@H](Cc1ccccc1)NC(=O)[C@@H](NC(=O)CNC(=O)[C@H](CCC(=O)O)NC(=O)C(C)(C)NC(=O)[C@@H](N)Cc1cnc[nH]1)[C@@H](C)O)[C@@H](C)O)C(C)C)C(=O)N[C@@H](C)C(=O)N[C@@H](Cc1c[nH]c2ccccc12)C(=O)N[C@@H](CC(C)C)C(=O)N[C@H](C(=O)N[C@@H](CCCNC(=N)N)C(=O)NCC(=O)N[C@@H](CCCNC(=N)N)C(=O)NCC(=O)O)C(C)C,DB13928,Semaglutide
C=CC(=O)N1CC[C@H](n2nc(C#Cc3cc(OC)cc(OC)c3)c3c(N)ncnc32)C1,DB15149,Futibatinib
CCN(CC)c1ccc(C(=C2C=CC(=[N+](CC)CC)C=C2)c2cc(O)c(S(=O)(=O)O)cc2S(=O)(=O)O)cc1,DB13967,Patent Blue
CC(C)C[C@H](NC(=O)[C@@H](COC(C)(C)C)NC(=O)[C@H](Cc1ccc(O)cc1)NC(=O)[C@H](CO)NC(=O)[C@H](Cc1c[nH]c2ccccc12)NC(=O)[C@H](Cc1cnc[nH]1)NC(=O)[C@@H]1CCC(=O)N1)C(=O)N[C@@H](CCCN=C(N)N)C(=O)N1CCC[C@H]1C(=O)NNC(N)=O,DB00014,Goserelin
C[C@]12CC[C@H]3[C@@H](CC=C4C[C@@H](O)CC[C@@]43C)[C@@H]1CC=C2c1cccnc1,DB05812,Abiraterone
CC(=O)O[C@]1(C(C)=O)CC[C@H]2[C@@H]3C=C(C)C4=CC(=O)CC[C@]4(C)[C@H]3CC[C@@]21C,DB00351,Megestrol acetate
CCCCC(=O)OCC(=O)[C@]1(O)Cc2c(O)c3c(c(O)c2[C@@H](O[C@H]2C[C@H](NC(=O)C(F)(F)F)[C@H](O)[C@H](C)O2)C1)C(=O)c1c(OC)cccc1C3=O,DB00385,Valrubicin
CN1[C@H]2CCC[C@@H]1C[C@H](NC(=O)c1nn(C)c3ccccc13)C2,DB00889,Granisetron
CCN(CC)CCNC(=O)c1c(C)[nH]c(/C=C2\C(=O)Nc3ccc(F)cc32)c1C,DB01268,Sunitinib
C=C(F)C(=O)N1CCN(c2nc(OC[C@@H]3CCCN3C)nc3c2CCN(c2cccc4cccc(Cl)c24)C3)C[C@@H]1CC#N,DB15568,Adagrasib
CCc1ccc(CCOc2ccc(CC3SC(=O)NC3=O)cc2)nc1,DB01132,Pioglitazone
C=C1C[C@@H]2CC[C@@]34C[C@H]5O[C@H]6[C@@H](O3)[C@H]3O[C@H](CC[C@@H]3O[C@H]6[C@H]5O4)CC(=O)C[C@H]3[C@H](C[C@H]4O[C@@H](CC[C@@H]1O2)C[C@@H](C)C4=C)O[C@H](C[C@H](O)CN)[C@@H]3OC,DB08871,Eribulin
COc1ccc2[nH]c3c(c2c1)CCN[C@]31CS[C@@H]2c3c(OC(C)=O)c(C)c4c(c3[C@H](COC1=O)N1[C@@H](O)[C@@H]3Cc5cc(C)c(OC)c(O)c5[C@H]([C@H]21)N3C)OCO4,DB12674,Lurbinectedin
C=C(c1ccc(C(=O)O)cc1)c1cc2c(cc1C)C(C)(C)CCC2(C)C,DB00307,Bexarotene
COc1ccc(CN2C3CC2CN(c2ccc(-c4cc(OCC(C)(C)O)cn5ncc(C#N)c45)cn2)C3)cn1,DB15685,Selpercatinib
CNC(=O)c1ccc(N2C(=S)N(c3ccc(C#N)c(C(F)(F)F)c3)C(=O)C2(C)C)cc1F,DB08899,Enzalutamide
CC1(C)NC(=O)N(c2ccc([N+](=O)[O-])c(C(F)(F)F)c2)C1=O,DB00665,Nilutamide
C[C@@H](NC(=O)c1ncnc(N)c1Cl)c1ncc(C(=O)Nc2cc(C(F)(F)F)c(Cl)cn2)s1,DB15266,Tovorafenib
CS(=O)(=O)c1ccc(Oc2cc(F)cc(C#N)c2)c2c1[C@H](O)[C@H](F)[C@@H]2F,DB15463,Belzutifan
Cc1ccc(NC(=O)c2ccc(CN3CCN(C)CC3)cc2)cc1Nc1nccc(-c2cccnc2)n1,DB00619,Imatinib
Cc1cc(Nc2ncnc3ccc(NC4=NC(C)(C)CO4)cc23)ccc1Oc1ccn2ncnc2c1,DB11652,Tucatinib
CC1=C2[N+]3=C(C=C4[N+]5=C(C(C)=C6N7[C@@H]8[C@H](CC(N)=O)[C@@]6(C)CCC(=O)NC[C@@H](C)OP(=O)([O-])O[C@@H]6[C@@H](CO)O[C@@H]([C@@H]6O)n6c[n+](c9cc(C)c(C)cc96)[Co-3]753(O)[N+]3=C1[C@@H](CCC(N)=O)[C@](C)(CC(N)=O)[C@]83C)[C@@H](CCC(N)=O)C4(C)C)[C@@H](CCC(N)=O)[C@]2(C)CC(N)=O,DB00200,Hydroxocobalamin
CO[C@@]12[C@H](COC(N)=O)C3=C(C(=O)C(C)=C(N)C3=O)N1C[C@@H]1N[C@@H]12,DB00305,Mitomycin
O=[As]O[As]=O,DB01169,Arsenic trioxide
CCC1=C[C@@H]2CN(C1)Cc1c([nH]c3ccccc13)[C@@](C(=O)OC)(c1cc3c(cc1OC)N(C)[C@H]1[C@@](O)(C(=O)OC)[C@H](OC(C)=O)[C@]4(CC)C=CCN5CC[C@]31[C@@H]54)C2,DB00361,Vinorelbine
CC1=NS(=O)(=O)c2cc(Cl)ccc2N1,DB01119,Diazoxide
Cc1ccc(S(=O)(=O)NC(=O)NN2CCCCCC2)cc1,DB00839,Tolazamide
C[C@@H](N)COc1ccc(-c2cnc3cc/c(=N/[C@H](C)c4cccc(F)c4)[nH]n23)cc1,DB18711,Taletrectinib
N[C@]1(C(=O)O)C[C@@H]([18F])C1,DB13146,Fluciclovine (18F)
CCN1CCN(c2ccc(Nc3cc(N(C)C(=O)Nc4c(Cl)c(OC)cc(OC)c4Cl)ncn3)cc2)CC1,DB11886,Infigratinib
C[N+](C)([11CH3])CCO,DB09563,Choline C-11
O=C1O[Pt]2(N[C@@H]3CCCC[C@H]3N2)OC1=O,DB00526,Oxaliplatin
O=c1[nH]c(=O)n(C2CCCO2)cc1F,DB09256,Tegafur
NC(=O)c1cccc2cn(-c3ccc([C@@H]4CCCNC4)cc3)nc12,DB11793,Niraparib
N#C[C@@H]1C[C@@H]2C[C@@H]2N1C(=O)[C@@H](N)C12CC3CC(CC(O)(C3)C1)C2,DB06335,Saxagliptin
CN(Cc1cnc2nc(=N)[nH]c(N)c2n1)c1ccc(C(=O)N[C@@H](CCC(=O)O)C(=O)O)cc1,DB00563,Methotrexate
C[C@@H](O)[C@H](NC(=O)[C@@H]1CSSC[C@H](NC(=O)[C@@H](Cc2ccccc2)NC(=O)CN2CCN(CC(=O)[O-])CCN(CC(=O)[O-])CCN(CC(=O)[O-])CC2)C(=O)N[C@@H](Cc2ccc(O)cc2)C(=O)N[C@H](Cc2c[nH]c3ccccc23)C(=O)N[C@@H](CCCCN)C(=O)N[C@@H]([C@@H](C)O)C(=O)N1)C(=O)O.[177Lu+3],DB13985,Lutetium Lu 177 dotatate
O=C(c1ccc(OCCN2CCCCC2)cc1)c1c(-c2ccc(O)cc2)sc2cc(O)ccc12,DB00481,Raloxifene
CC1CC(OC(=O)c2ccccc2O)CC(C)(C)C1,DB11064,Homosalate
C[C@@H](Oc1cc(-c2cnn(C3CCNCC3)c2)cnc1N)c1c(Cl)ccc(F)c1Cl,DB08865,Crizotinib
COc1cc([C@@H]2c3cc4c(cc3[C@@H](O[C@@H]3O[C@@H]5CO[C@@H](C)O[C@H]5[C@H](O)[C@H]3O)[C@H]3COC(=O)[C@H]23)OCO4)cc(OC)c1O,DB00773,Etoposide
O=C1c2cccc3c2[C@H](CCC3)CN1[C@@H]1CN2CCC1CC2,DB00377,Palonosetron
O=C(/C=C\n1cnc(-c2cc(C(F)(F)F)cc(C(F)(F)F)c2)n1)NNc1cnccn1,DB11942,Selinexor
C[C@]1(O)CC[C@H]2[C@@H]3CCC4=CC(=O)CC[C@]4(C)[C@H]3CC[C@@]21C,DB06710,Methyltestosterone
CC(C)(C)CC(C)(C)c1ccc(OCCOCC[N+](C)(C)Cc2ccccc2)cc1,DB11125,Benzethonium
Nc1nc(=O)c2c([nH]1)NC[C@H](CNc1ccc(C(=O)N[C@@H](CCC(=O)O)C(=O)O)cc1)N2C=O,DB11596,Levoleucovorin
CC(=O)c1c(C)c2cnc(Nc3ccc(N4CCNCC4)cn3)nc2n(C2CCCC2)c1=O,DB09073,Palbociclib
C=CCN1CC[C@]23c4c5ccc(O)c4O[C@H]2[C@@H](OCCOCCOCCOCCOCCOCCOCCOC)CC[C@@]3(O)[C@H]1C5,DB09049,Naloxegol
[90Y],DB13076,Yttrium Y-90
CCCCCCCCCCC[C@@H](C[C@@H]1OC(=O)[C@H]1CCCCCC)OC(=O)[C@H](CC(C)C)NC=O,DB01083,Orlistat
Cn1cnc2c(F)c(Nc3ccc(Br)cc3Cl)c(C(=O)NOCCO)cc21,DB11689,Selumetinib
Cn1cc(-c2cc3c(N4CCN(c5ncc([C@@](C)(N)c6ccc(F)cc6)cn5)CC4)ncnn3c2)cn1,DB15233,Avapritinib
CC#CCn1c(N2CCC[C@@H](N)C2)nc2c1c(=O)n(Cc1nc(C)c3ccccc3n1)c(=O)n2C,DB08882,Linagliptin
NC1(C(=O)N[C@@H](CCO)c2ccc(Cl)cc2)CCN(c2ncnc3[nH]ccc23)CC1,DB12218,Capivasertib
COc1cc2ncnc(Nc3ccc(F)c(Cl)c3)c2cc1NC(=O)/C=C/CN1CCCCC1,DB11963,Dacomitinib
Cc1ccccc1-c1cc(N2CCN(C)CC2)ncc1N(C)C(=O)C(C)(C)c1cc(C(F)(F)F)cc(C(F)(F)F)c1,DB09048,Netupitant
Cn1c(=O)cc(N2CCC[C@@H](N)C2)n(Cc2ccccc2C#N)c1=O,DB06203,Alogliptin
CCN1C(=O)N(c2c(F)c(OC)cc(OC)c2F)Cc2cnc3[nH]c(CN4CCOCC4)cc3c21,DB15102,Pemigatinib
O=C(O)c1nc(=O)[nH]c(=O)[nH]1,DB03209,Oteracil
CO[C@H]1C[C@@H]2CC[C@@H](C)[C@@](O)(O2)C(=O)C(=O)N2CCCC[C@H]2C(=O)O[C@H]([C@H](C)C[C@@H]2CC[C@@H](OCCO)[C@H](OC)C2)CC(=O)[C@H](C)/C=C(\C)[C@@H](O)[C@@H](OC)C(=O)[C@H](C)C[C@H](C)/C=C/C=C/C=C/1C,DB01590,Everolimus
C[C@@H](O[C@H]1OCCN(Cc2n[nH]c(=O)[nH]2)[C@H]1c1ccc(F)cc1)c1cc(C(F)(F)F)cc(C(F)(F)F)c1,DB00673,Aprepitant
O=C(CCCCCCC(=O)Nc1ccccc1)NO,DB02546,Vorinostat
CSCC[C@H](NC(=O)[C@H](Cc1c[nH]c2ccccc12)NC(=O)CCNC(=O)OC(C)(C)C)C(=O)N[C@@H](CC(=O)O)C(=O)N[C@@H](Cc1ccccc1)C(N)=O,DB00183,Pentagastrin
S=P(N1CC1)(N1CC1)N1CC1,DB04572,Thiotepa
O=C(O[C@@H]1C[C@@H]2C[C@H]3C[C@H](C1)N2CC3=O)c1c[nH]c2ccccc12,DB00757,Dolasetron
C=CC(=O)Nc1cc(Nc2nccc(-c3cn(C)c4ccccc34)n2)c(OC)cc1N(C)CCN(C)C,DB09330,Osimertinib
Cc1ccccc1-c1cc(N2CC[N+](C)(COP(=O)([O-])O)CC2)ncc1N(C)C(=O)C(C)(C)c1cc(C(F)(F)F)cc(C(F)(F)F)c1,DB14019,Fosnetupitant
COC(=O)c1ccc2c(c1)NC(=O)/C2=C(\Nc1ccc(N(C)C(=O)CN2CCN(C)CC2)cc1)c1ccccc1,DB09079,Nintedanib
N#C[C@@H]1CCCN1C(=O)CNC12CC3CC(CC(O)(C3)C1)C2,DB04876,Vildagliptin
CNC(=O)c1c(C)oc2cc(Oc3ncnc4cc(OC)c(OC)cc34)ccc12,DB11679,Fruquintinib
CNC(=O)c1cc(Oc2ccc(NC(=O)Nc3ccc(Cl)c(C(F)(F)F)c3)c(F)c2)ccn1,DB08896,Regorafenib
CCN(c1cc(-c2ccc(CN3CCOCC3)cc2)cc(C(=O)NCc2c(C)cc(C)[nH]c2=O)c1C)C1CCOCC1,DB12887,Tazemetostat
COc1ccc(Cl)cc1C(=O)NCCc1ccc(S(=O)(=O)NC(=O)NC2CCCCC2)cc1,DB01016,Glyburide
CNC(=O)c1ccc(Nc2ncc(C(F)(F)F)c(NCc3nccnc3N(C)S(C)(=O)=O)n2)cc1,DB12282,Defactinib
CC1(C)CCC(CN2CCN(c3ccc(C(=O)NS(=O)(=O)c4ccc(NCC5CCOCC5)c([N+](=O)[O-])c4)c(Oc4cnc5[nH]ccc5c4)c3)CC2)=C(c2ccc(Cl)cc2)C1,DB11581,Venetoclax
CCCCCCOC(=O)CCC(=O)CN,DB06261,Hexaminolevulinate
N#Cc1ccnc(N2C(=O)CC[C@H]2C(=O)N(c2cncc(F)c2)[C@H](C(=O)NC2CC(F)(F)C2)c2ccccc2Cl)c1,DB14568,Ivosidenib
CN(C)C/C=C/C(=O)Nc1cc2c(Nc3ccc(F)c(Cl)c3)ncnc2cc1O[C@H]1CCOC1,DB08916,Afatinib
CC(C)C[C@H](NC(=O)[C@H](Cc1ccccc1)NC(=O)c1cnccn1)B(O)O,DB00188,Bortezomib
Nc1nc(=O)c2c(CCc3ccc(C(=O)N[C@@H](CCC(=O)O)C(=O)O)cc3)c[nH]c2[nH]1,DB00642,Pemetrexed
CC[C@H](Nc1ncnc2[nH]cnc12)c1nc2cccc(F)c2c(=O)n1-c1ccccc1,DB09054,Idelalisib
O=S(=O)(O)O,DB11309,Sulfuric acid
O=C([O-])[C@H](O)[C@@H](O)[C@H](O)[C@H](O)CO.O=C([O-])[C@H](O)[C@@H](O)[C@H](O)[C@H](O)CO.[Mn+2],DB11141,Manganese gluconate
CC[C@H](C)C(=O)O[C@H]1C[C@@H](C)C=C2C=C[C@H](C)[C@H](CC[C@@H]3C[C@@H](O)CC(=O)O3)[C@H]21,DB00227,Lovastatin
CO[C@H]1C[C@H]2OC[C@@]2(OC(C)=O)[C@H]2[C@H](OC(=O)c3ccccc3)[C@]3(O)C[C@H](OC(=O)[C@H](O)[C@@H](NC(=O)OC(C)(C)C)c4ccccc4)C(C)=C([C@@H](OC)C(=O)[C@]12C)C3(C)C,DB06772,Cabazitaxel
CC(C)Cn1cnc2c(N)nc3ccccc3c21,DB00724,Imiquimod
CCc1nc(C(N)=O)c(Nc2ccc(N3CCC(N4CCN(C)CC4)CC3)c(OC)c2)nc1NC1CCOCC1,DB12141,Gilteritinib
Cc1c(C)c2c(c(C)c1OC(=O)CCC(=O)O)CC[C@@](C)(CCC[C@H](C)CCC[C@H](C)CCCC(C)C)O2,DB14001,alpha-Tocopherol succinate
COc1ccc(-c2cc(=S)ss2)cc1,DB13853,Anethole trithione
CC(C)[C@H]1CC[C@H](C(=O)N[C@H](Cc2ccccc2)C(=O)O)CC1,DB00731,Nateglinide
CCOc1cc(CC(=O)N[C@@H](CC(C)C)c2ccccc2N2CCCCC2)ccc1C(=O)O,DB00912,Repaglinide
CCCCCCc1ccc(O)cc1O,DB11254,Hexylresorcinol
N=C1CCCN1Cc1[nH]c(=O)[nH]c(=O)c1Cl,DB09343,Tipiracil
COc1cc(/C=C/C(=O)CC(=O)/C=C/c2ccc(O)c(OC)c2)ccc1O,DB11672,Curcumin
[89Sr+2].[Cl-].[Cl-],DB09498,Strontium chloride Sr-89
COc1cc2nccc(Oc3ccc(NC(=O)Nc4cc(C)on4)c(Cl)c3)c2cc1OC,DB11800,Tivozanib
COc1ccc2[nH]cc(CCNC(C)=O)c2c1,DB01065,Melatonin
O=Cc1ccc(O)c(O)c1,DB11268,Protocatechualdehyde
O=P1(NCCCl)OCCCN1CCCl,DB01181,Ifosfamide
CC[C@]12C=CCN3CC[C@@]4(c5cc([C@@]6(C(=O)OC)C[C@@H]7C[C@@H](C(C)(F)F)C[N@](Cc8c6[nH]c6ccccc86)C7)c(OC)cc5N(C)[C@H]4[C@@](O)(C(=O)OC)[C@@H]1OC(C)=O)[C@@H]32,DB11641,Vinflunine
O[C@H]1[C@H](O)[C@@H](O)[C@H](O)[C@@H](O)[C@H]1O,DB13178,Inositol
[F-].[Na+],DB09325,Sodium fluoride
C[C@]12CC[C@@H]3c4ccc(OS(=O)(=O)O)cc4CC[C@H]3[C@@H]1CCC2=O,DB04574,Estrone sulfate
CC1(C)C2CCC1(CS(=O)(=O)O)C(=O)C2=Cc1ccc(C=C2C(=O)C3(CS(=O)(=O)O)CCC2C3(C)C)cc1,DB09534,Ecamsule
CC(=O)O[C@]1(C(C)=O)CC[C@H]2[C@@H]3C[C@H](C)C4=CC(=O)CC[C@]4(C)[C@H]3CC[C@@]21C,DB00603,Medroxyprogesterone acetate
NCCc1c[nH]cn1,DB05381,Histamine
CC[C@]1(O)C[C@@H]2CN(CCc3c([nH]c4ccccc34)[C@@](C(=O)OC)(c3cc4c(cc3OC)N(C)[C@H]3[C@@](O)(C(=O)OC)[C@H](OC(C)=O)[C@]5(CC)C=CCN6CC[C@]43[C@@H]65)C2)C1,DB00570,Vinblastine
CC(=O)[C@]1(O)Cc2c(O)c3c(c(O)c2[C@@H](O[C@H]2C[C@H](N)[C@H](O)[C@H](C)O2)C1)C(=O)c1ccccc1C3=O,DB01177,Idarubicin
CCO,DB00898,Ethanol
C[C@H](Nc1ccc2c(c1)OCCn1cc(N3C(=O)OC[C@H]3C(F)F)nc1-2)C(N)=O,DB15275,Inavolisib
NCCCNCCSP(=O)(O)O,DB01143,Amifostine
Oc1cccc(-c2c3nc(c(-c4cccc(O)c4)c4ccc([nH]4)c(-c4cccc(O)c4)c4nc(c(-c5cccc(O)c5)c5ccc2[nH]5)CC4)C=C3)c1,DB11630,Temoporfin
CCN(CC)Cc1ccc2cc(COC(=O)Nc3ccc(C(=O)NO)cc3)ccc2c1,DB12645,Givinostat
Cc1c(C(=O)Nc2ccc(N3C[C@H](C)O[C@H](C)C3)nc2)cccc1-c1ccc(OC(F)(F)F)cc1,DB09143,Sonidegib
S1SSSSSSS1.[99Tc],DB09397,Technetium Tc-99m sulfur colloid
CO[C@@H]1[C@H](N(C)C(=O)c2ccccc2)C[C@H]2O[C@]1(C)n1c3ccccc3c3c4c(c5c6ccccc6n2c5c31)C(=O)NC4,DB06595,Midostaurin
O=C([O-])[C@H](O)[C@@H](O)[C@H](O)[C@H](O)CO.O=C([O-])[C@H](O)[C@@H](O)[C@H](O)[C@H](O)CO.[Zn+2],DB11248,Zinc gluconate
Nc1nc2c(c(=O)[nH]1)N(C=O)C(CNc1ccc(C(=O)N[C@@H](CCC(=O)O)C(=O)O)cc1)CN2,DB00650,Leucovorin
C/C=C1\NC(=O)[C@H]2CSSCC/C=C/[C@H](CC(=O)N[C@H](C(C)C)C(=O)N2)OC(=O)[C@H](C(C)C)NC1=O,DB06176,Romidepsin
C[C@]12CC[C@H]3[C@@H](CC=C4C[C@@H](O)CC[C@@]43C)[C@@H]1CCC2=O,DB01708,Prasterone
Cc1nc(-c2cnc(NC(C)C)n(C)c2=O)ccc1Oc1ccnc(-c2cnn(C)c2)c1,DB17520,Vimseltinib
CCC(=O)N(c1ccccc1)C1CCN(CCc2ccccc2)CC1,DB00813,Fentanyl
CO[C@H]1C[C@@H]2CC[C@@H](C)[C@@](O)(O2)C(=O)C(=O)N2CCCC[C@H]2C(=O)O[C@H]([C@H](C)C[C@@H]2CC[C@@H](O)[C@H](OC)C2)CC(=O)[C@H](C)/C=C(\C)[C@@H](O)[C@@H](OC)C(=O)[C@H](C)C[C@H](C)/C=C/C=C/C=C/1C,DB00877,Sirolimus
CC(C)C[C@H](NC(=O)[C@@H](Cc1c[nH]c2ccccc12)NC(=O)[C@H](Cc1ccc(O)cc1)NC(=O)[C@H](CO)NC(=O)[C@H](Cc1c[nH]c2ccccc12)NC(=O)[C@H](Cc1c[nH]cn1)NC(=O)[C@@H]1CCC(=O)N1)C(=O)N[C@@H](CCCNC(=N)N)C(=O)N1CCC[C@H]1C(=O)NCC(N)=O,DB06825,Triptorelin
COc1cc(NCc2ccc3nc(N)nc(N)c3c2C)cc(OC)c1OC,DB01157,Trimetrexate
C[C@H]1CNC(=O)c2cnn3ccc(nc23)N[C@H](C)c2cc(F)ccc2O1,DB16826,Repotrectinib
COc1ccc(F)cc1C(=O)NCc1ccc(-c2nn([C@@H](C)C(F)(F)F)c(N)c2C(N)=O)cc1,DB17472,Pirtobrutinib
CCCCCc1cc(O)c2c(c1)OC(C)(C)[C@@H]1CCC(C)=C[C@@H]21,DB00470,Dronabinol
II,DB05382,Iodine
CC(O)(CS(=O)(=O)c1ccc(F)cc1)C(=O)Nc1ccc(C#N)c(C(F)(F)F)c1,DB01128,Bicalutamide
CC(=O)Oc1ccccc1C(=O)O,DB00945,Acetylsalicylic acid
Nc1ncn([C@@H]2O[C@H](CO)[C@@H](O)[C@H]2O)c(=O)n1,DB00928,Azacitidine
O=C(O)c1c(Cl)c(Cl)c(Cl)c(Cl)c1-c1c2cc(I)c(=O)c(I)c-2oc2c(I)c(O)c(I)cc12,DB11182,Rose bengal
Cc1ccc(Nc2nccc(N(C)c3ccc4c(C)n(C)nc4c3)n2)cc1S(N)(=O)=O,DB06589,Pazopanib
Cc1nn(C)cc1S(=O)(=O)NC(=O)c1ccc(-n2ccc(OCC(C)(C)C(F)(F)F)n2)nc1N1C[C@@H](C)CC1(C)C,DB15444,Elexacaftor
CO[C@H]1C[C@H]2CC[C@@H](C)[C@@](O)(O2)C(=O)C(=O)N2CCCC[C@H]2C(=O)O[C@H]([C@H](C)C[C@@H]2CC[C@@H](OC(=O)C(C)(CO)CO)[C@H](OC)C2)CC(=O)[C@H](C)/C=C(\C)[C@@H](O)[C@@H](OC)C(=O)[C@H](C)C[C@H](C)/C=C/C=C/C=C/1C,DB06287,Temsirolimus
CCCCC(CC)COC(=O)c1ccccc1O,DB11062,Octisalate
CN1[C@H]2CC[C@@H]1C[C@H](OC(=O)[C@H](CO)c1ccccc1)C2,DB00424,Hyoscyamine
CC1=C(C/C=C(\C)CCC[C@H](C)CCC[C@H](C)CCCC(C)C)C(=O)c2ccccc2C1=O,DB01022,Phylloquinone
C[C@@H](O[C@H]1OCCN(Cc2nc(=O)n(P(=O)(O)O)[nH]2)[C@H]1c1ccc(F)cc1)c1cc(C(F)(F)F)cc(C(F)(F)F)c1,DB06717,Fosaprepitant
COc1cccc2c1C(=O)c1c(O)c3c(c(O)c1C2=O)C[C@@](O)(C(=O)CO)C[C@@H]3O[C@H]1C[C@H](N)[C@@H](O)[C@H](C)O1,DB00445,Epirubicin
O=P1(N(CCCl)CCCl)NCCCO1,DB00531,Cyclophosphamide
COc1cc(O)c(C(=O)c2ccccc2)cc1S(=O)(=O)O,DB11185,Sulisobenzone
Cc1ccccc1CN1C(=O)C2=C(CCN(Cc3ccccc3)C2)N2CCN=C12,DB14844,Dordaviprone
N[C@@H](Cc1c[nH]cn1)C(=O)O,DB00117,Histidine
CC(C)=CCC/C(C)=C/CC/C(C)=C/CC/C=C(\C)CC/C=C(\C)CCC=C(C)C,DB11460,Squalene
CC(C)(CO)c1cc2cc(NC(=O)C3(c4ccc5c(c4)OC(F)(F)O5)CC3)c(F)cc2n1C[C@@H](O)CO,DB11712,Tezacaftor
O=C1[C@H](CC[C@H](O)c2ccc(F)cc2)[C@@H](c2ccc(O)cc2)N1c1ccc(F)cc1,DB00973,Ezetimibe
[67Ga+3].[Cl-].[Cl-].[Cl-],DB14550,Gallium chloride Ga-67
Cc1ccc(/C=C2/C(=O)C3(C)CCC2C3(C)C)cc1,DB11219,Enzacamene
CC(O)C(CO)N=C(O)C1CSSCC(N=C(O)C(Cc2ccccc2)N=C([O-])CN(CCN(CCC(C(=O)O)C(=O)O)CC(=O)[O-])CC(=O)[O-])C(O)=NC(Cc2ccccc2)C(O)=NC(Cc2c[nH]c3ccccc23)C(O)=NC(CCCCN)C([O-])=NC(C(C)O)C(O)=N1.[111In+3],DB11835,Indium In-111 pentetreotide
CCCCCCC(C)(C)c1cc(O)c2c(c1)OC(C)(C)[C@@H]1CCC(=O)C[C@@H]21,DB00486,Nabilone
CCCCCCCCCCCCCCCC(=O)OC[C@H](COP(=O)([O-])OCCNC(=O)[C@H](C)NC(=O)CC[C@@H](NC(=O)[C@H](C)NC(=O)[C@@H](C)O[C@H]([C@H](C=O)NC(C)=O)[C@H](O)[C@H](O)CO)C(N)=O)OC(=O)CCCCCCCCCCCCCCC.O.[Na+],DB13615,Mifamurtide
O=C1CN2Cc3c(ccc(Cl)c3Cl)N=C2N1,DB00261,Anagrelide
Cc1nc(Nc2ncc(C(=O)Nc3c(C)cccc3Cl)s2)cc(N2CCN(CCO)CC2)n1,DB01254,Dasatinib
Cc1c2oc3c(C)ccc(C(=O)N[C@@H]4C(=O)N[C@H](C(C)C)C(=O)N5CCC[C@H]5C(=O)N(C)CC(=O)N(C)[C@@H](C(C)C)C(=O)O[C@@H]4C)c3nc-2c(C(=O)N[C@@H]2C(=O)N[C@H](C(C)C)C(=O)N3CCC[C@H]3C(=O)N(C)CC(=O)N(C)[C@@H](C(C)C)C(=O)O[C@@H]2C)c(N)c1=O,DB00970,Dactinomycin
NCCC(O)(P(=O)(O)O)P(=O)(O)O,DB00282,Pamidronic acid
FC(F)(F)c1ccc(CNc2ccc(Cc3c[nH]c4ncc(Cl)cc34)cn2)cn1,DB12978,Pexidartinib
O=[Zn],DB09321,Zinc oxide
Cn1cnc2c(F)c(Nc3ccc(Br)cc3F)c(C(=O)NOCCO)cc21,DB11967,Binimetinib
[Se],DB11135,Selenium
C#C[C@]1(O)CC[C@H]2[C@@H]3CCC4=CC(=NO)CC[C@@H]4[C@H]3CC[C@@]21CC,DB06713,Norelgestromin
C[C@]12CC[C@@H]3c4ccc(O)cc4CC[C@H]3[C@@H]1CC[C@@H]2O,DB00783,Estradiol
C=C1CC[C@H](O)C/C1=C/C=C1\CCC[C@@]2(C)[C@H]1CC[C@@H]2[C@H](C)CCCC(C)C,DB00169,Cholecalciferol
OC[C@H]1O[C@@H](Oc2cc(O)cc(/C=C/c3ccc(O)cc3)c2)[C@H](O)[C@@H](O)[C@@H]1O,DB11263,Polydatin
NC(=O)NO,DB01005,Hydroxyurea
CNCC[C@H](Oc1cccc2ccccc12)c1cccs1,DB00476,Duloxetine
N[C@@H](Cc1cc(I)c(Oc2cc(I)c(O)c(I)c2)c(I)c1)C(=O)O,DB00451,Levothyroxine
C[C@]1(O)CC[C@H]2[C@@H]3CCC4=CC(=O)CC[C@]4(C)[C@@]3(F)[C@@H](O)C[C@@]21C,DB01185,Fluoxymesterone
C[C@@H](CN1CC(=O)NC(=O)C1)N1CC(=O)NC(=O)C1,DB00380,Dexrazoxane
COc1cc(N2CCC(N3CCN(C)CC3)CC2)ccc1Nc1ncc(Cl)c(Nc2ccccc2P(C)(C)=O)n1,DB12267,Brigatinib
CC1=C[C@H](O)CC(C)(C)[C@H]1/C=C/C(C)=C/C=C/C(C)=C/C=C/C=C(C)/C=C/C=C(C)/C=C/C1=C(C)C[C@@H](O)CC1(C)C,DB00137,Lutein
O=c1[nH]c(=O)n([C@H]2C[C@H](O)[C@@H](CO)O2)cc1F,DB00322,Floxuridine
Oc1ccccc1,DB03255,Phenol
Nc1nc(Cl)nc2c1ncn2[C@@H]1O[C@H](CO)[C@@H](O)[C@@H]1F,DB00631,Clofarabine
CCCCCCCCCCCCCCCCOP(=O)([O-])OCC[N+](C)(C)C,DB09031,Miltefosine
CC1=C(/C=C/C(C)=C\C=C\C(C)=C\C(=O)O)C(C)(C)CCC1,DB00523,Alitretinoin
CCCCC(F)(F)[C@@]1(O)CC[C@H]2[C@@H](CC(=O)[C@@H]2CCCCCCC(=O)O)O1,DB01046,Lubiprostone
CC(=O)Oc1c(C)c(C)c2c(c1C)CC[C@@](C)(CCC[C@H](C)CCC[C@H](C)CCCC(C)C)O2,DB14002,D-alpha-Tocopherol acetate
NCCCC(N)(C(=O)O)C(F)F,DB06243,Eflornithine
COc1ccc(C(=O)CC(=O)c2ccc(C(C)(C)C)cc2)cc1,DB09495,Avobenzone
Cc1ccc(-c2cc(C(F)(F)F)nn2-c2ccc(S(N)(=O)=O)cc2)cc1,DB00482,Celecoxib
Cc1cc(CC(C)C[Si](C)(O[Si](C)(C)C)O[Si](C)(C)C)c(O)c(-n2nc3ccccc3n2)c1,DB11585,Drometrizole trisiloxane
[Mg+2].[OH-].[OH-],DB09104,Magnesium hydroxide
Cc1ccc(S(=O)(=O)NC(=O)NN2C[C@H]3CCC[C@H]3C2)cc1,DB01120,Gliclazide
CC(C)(C)c1cc(C(C)(C)C)c(NC(=O)c2c[nH]c3ccccc3c2=O)cc1O,DB08820,Ivacaftor
O=C(OC[C@H]1OC(OC(=O)c2cc(O)c(O)c(OC(=O)c3cc(O)c(O)c(O)c3)c2)[C@H](OC(=O)c2cc(O)c(O)c(OC(=O)c3cc(O)c(O)c(O)c3)c2)[C@@H](OC(=O)c2cc(O)c(O)c(OC(=O)c3cc(O)c(O)c(O)c3)c2)[C@@H]1OC(=O)c1cc(O)c(O)c(OC(=O)c2cc(O)c(O)c(O)c2)c1)c1cc(O)c(O)c(OC(=O)c2cc(O)c(O)c(O)c2)c1,DB09372,Tannic acid
[Cr],DB11136,Chromium
O=C1CCC(N2C(=O)c3ccccc3C2=O)C(=O)N1,DB01041,Thalidomide
[Mg+2].[Mg+2].[Mg+2].[O-2].[O-2].[O-2].[O-2].[O-2].[O-2].[O-2].[O-2].[O-2].[O-2].[OH-].[OH-].[SiH8+4].[SiH8+4].[SiH8+4].[SiH8+4],DB09511,Talc
Cc1oncc1C(=O)Nc1ccc(C(F)(F)F)cc1,DB01097,Leflunomide
C=CC(=O)N1CCC[C@@H](n2nc(-c3ccc(Oc4ccccc4)cc3)c3c(N)ncnc32)C1,DB09053,Ibrutinib
OC[C@H]1O[C@@H](n2cnc3c2N=CNC[C@H]3O)C[C@@H]1O,DB00552,Pentostatin
NCCCC[C@@H]1NC(=O)[C@@H](Cc2c[nH]c3ccccc23)NC(=O)[C@H](c2ccccc2)NC(=O)[C@@H]2C[C@@H](OC(=O)NCCN)CN2C(=O)[C@H](Cc2ccccc2)NC(=O)[C@H](Cc2ccc(OCc3ccccc3)cc2)NC1=O,DB06663,Pasireotide
CC(C)C1NC(=O)C(CCCCN)NC(=O)C(Cc2c[nH]c3ccccc23)NC(=O)C(Cc2ccc(O)cc2)NC(=O)C(NC(=O)C(N)Cc2ccc3ccccc3c2)CSSCC(C(=O)NC(C(N)=O)C(C)O)NC1=O,DB06791,Lanreotide
O=C[C@H]([18F])[C@@H](O)[C@H](O)[C@H](O)CO,DB09502,Fludeoxyglucose (18F)
O=C(Nc1cnn2ccc(N3CCC[C@@H]3c3cc(F)ccc3F)nc12)N1CC[C@H](O)C1,DB14723,Larotrectinib
O=C(O)c1cccnc1,DB00627,Niacin
C=C1/C(=C\C=C2/CCC[C@@]3(C)[C@H]2CC[C@@H]3[C@H](C)CCCC(C)(C)O)C[C@@H](O)C[C@@H]1O,DB00136,Calcitriol
Nc1nc(=O)c2nc(CNc3ccc(C(=O)N[C@@H](CCC(=O)O)C(=O)O)cc3)cnc2[nH]1,DB00158,Folic acid
CC[C@@H]1C(=O)OC[C@@H]1Cc1cncn1C,DB01085,Pilocarpine
O=c1[nH]cc(F)c(=O)[nH]1,DB00544,Fluorouracil
Nc1ccc(O)c(C(=O)O)c1,DB00244,Mesalazine
C#C[C@]1(O)CC[C@H]2[C@@H]3CCC4=CC(=O)CC[C@@H]4[C@H]3CC[C@@]21CC,DB00367,Levonorgestrel
C#C[C@]1(O)CC[C@H]2[C@@H]3CCC4=CC(=O)CC[C@@H]4[C@H]3CC[C@@]21C,DB00717,Norethisterone
CN1CC[C@@H](NC(=O)Nc2ccc(C#N)cc2)C[C@@H]1c1nc2ccccc2[nH]1,DB11978,Glasdegib
O=[Se](O)O,DB11127,Selenious acid
CCCC(CCC)C(=O)O,DB00313,Valproic acid
CC(=O)N[C@@H]1C(O[C@@H]2O[C@H](C(=O)O)[C@@H](O)[C@H](O)[C@H]2O)[C@H](O)[C@@H](CO)O[C@H]1O[C@@H]1[C@@H](C(=O)O)O[C@@H](OC2[C@H](O)[C@@H](CO)O[C@@H](O)[C@@H]2NC(C)=O)[C@H](O)[C@H]1O,DB08818,Hyaluronic acid
N#CC[C@H](C1CCCC1)n1cc(-c2ncnc3[nH]ccc23)cn1,DB08877,Ruxolitinib
Clc1ccccc1C(c1ccccc1)(c1ccccc1)n1ccnc1,DB00257,Clotrimazole
C=C(C)[C@@H]1CCC(C)=C[C@H]1c1c(O)cc(CCCCC)cc1O,DB09061,Cannabidiol
[Ne],DB11589,Neon
CCCCOc1ccc(C(=O)CCN2CCCCC2)cc1,DB00645,Dyclonine
Clc1cccc(Cl)c1NC1=NCCN1,DB00575,Clonidine
Cc1nsc(-c2nnc3n2CCN(C(=O)c2ccc(F)cc2)[C@@H]3C)n1,DB15669,Fezolinetant
CCCS(=O)(=O)Nc1ccc(F)c(C(=O)c2c[nH]c3ncc(-c4ccc(Cl)cc4)cc23)c1F,DB08881,Vemurafenib
CC(C)(C)NC(=O)[C@H]1CC[C@H]2[C@@H]3CC[C@H]4NC(=O)C=C[C@]4(C)[C@H]3CC[C@]12C,DB01216,Finasteride
[131I-],DB09293,Iodide I-131
Nc1cccc2c1C(=O)N(C1CCC(=O)NC1=O)C2=O,DB08910,Pomalidomide
CC1=C(/C=C/C(C)=C/C=C/C(C)=C/C(=O)O)C(C)(C)CCC1,DB00755,Tretinoin
CC(=O)O[C@H](CC(=O)[O-])C[N+](C)(C)C,DB08842,Acetylcarnitine
N[C@@H](Cc1cc(I)c(Oc2ccc(O)c(I)c2)c(I)c1)C(=O)O,DB00279,Liothyronine
Oc1ncnc2[nH]ncc12,DB00437,Allopurinol
CO[C@H]1O[C@H](COS(=O)(=O)O)[C@@H](O[C@@H]2O[C@@H](C(=O)O)[C@@H](O[C@H]3O[C@H](COS(=O)(=O)O)[C@@H](O[C@@H]4O[C@H](C(=O)O)[C@@H](O[C@H]5O[C@H](COS(=O)(=O)O)[C@@H](O)[C@H](O)[C@H]5NS(=O)(=O)O)[C@H](O)[C@H]4O)[C@H](OS(=O)(=O)O)[C@H]3NS(=O)(=O)O)[C@H](O)[C@H]2OS(=O)(=O)O)[C@H](O)[C@H]1NS(=O)(=O)O,DB00569,Fondaparinux
CCCCCCC(=O)O[C@H]1CC[C@H]2[C@@H]3CCC4=CC(=O)CC[C@]4(C)[C@H]3CC[C@]12C,DB13944,Testosterone enanthate
O=C(/C=C/c1cccc(S(=O)(=O)Nc2ccccc2)c1)NO,DB05015,Belinostat
N[13C](N)=O,DB09510,Urea C-13
N[14C](N)=O,DB09513,Urea C-14
Cc1nccn1CC1CCc2c(c3ccccc3n2C)C1=O,DB00904,Ondansetron
O=BOO,DB13235,Perboric acid
CC(C)[C@@H]1CC[C@@H](C)C[C@H]1O,DB00825,Levomenthol
CC(=O)[C@H]1CC[C@H]2[C@@H]3CCC4=CC(=O)CC[C@]4(C)[C@H]3CC[C@]12C,DB00396,Progesterone
Cc1ccc(NC(=O)C2(c3ccc4c(c3)OC(F)(F)O4)CC2)nc1-c1cccc(C(=O)O)c1,DB09280,Lumacaftor
CC#CC(=O)N1CCC[C@H]1c1nc(-c2ccc(C(=O)Nc3ccccn3)cc2)c2c(N)nccn12,DB11703,Acalabrutinib
CC(C)(N)C(=O)N[C@H](Cc1c[nH]c2ccccc12)C(=O)N[C@H](Cc1c[nH]c2ccccc12)NC=O,DB13074,Macimorelin
COc1nc(N)nc2c1ncn2[C@@H]1O[C@H](CO)[C@@H](O)[C@@H]1O,DB01280,Nelarabine
Nc1ccncc1N,DB11640,Amifampridine
COc1cccc(C2(O)CCCCC2CN(C)C)c1,DB00193,Tramadol
[C-]#[O+],DB11588,Carbon monoxide
CC(C)Cc1ccc(C(C)C(=O)O)cc1,DB01050,Ibuprofen
CCC(=O)C(CC(C)N(C)C)(c1ccccc1)c1ccccc1,DB00333,Methadone
C[C@]12C[C@H](O)[C@@]3(F)[C@@H](CCC4=CC(=O)C=C[C@@]43C)[C@@H]1C[C@@H](O)[C@]2(O)C(=O)CO,DB00620,Triamcinolone
Cc1ncc(C[n+]2csc(CCO)c2C)c(N)n1,DB00152,Thiamine
