[He],DB09155,Helium
S=[Se]=S,DB00971,Selenium Sulfide
CN1[C@H]2CC[C@@H]1C[C@H](OC(=O)C(CO)c1ccccc1)C2,DB00572,Atropine
C/C=C/C[C@@H](C)[C@@H](O)[C@H]1C(=O)N[C@@H](CC)C(=O)N(C)CC(=O)N(C)[C@@H](CC(C)C)C(=O)N[C@@H](C(C)C)C(=O)N(C)[C@@H](CC(C)C)C(=O)N[C@@H](C)C(=O)N[C@H](C)C(=O)N(C)[C@@H](CC(C)C)C(=O)N(C)[C@@H](CC(C)C)C(=O)N(C)[C@@H](C(C)C)C(=O)N1C,DB00091,Cyclosporine
N#Cc1ccc(Oc2ccc3c(c2)COB3O)cc1,DB05219,Crisaborole
CCCS(=O)(=O)N[C@H]1C[C@@H](N(C)c2ncnc3[nH]ccc23)C1,DB14973,Abrocitinib
CC[C@@H]1/C=C(\C)C[C@H](C)C[C@H](OC)[C@H]2O[C@@](O)(C(=O)C(=O)N3CCCC[C@H]3C(=O)O[C@H](/C(C)=C/[C@@H]3CC[C@H](Cl)[C@H](OC)C3)[C@H](C)[C@@H](O)CC1=O)[C@H](C)C[C@@H]2OC,DB00337,Pimecrolimus
C=CC[C@@H]1/C=C(\C)C[C@H](C)C[C@H](OC)[C@H]2O[C@@](O)(C(=O)C(=O)N3CCCC[C@H]3C(=O)O[C@H](/C(C)=C/[C@@H]3CC[C@@H](O)[C@H](OC)C3)[C@H](C)[C@@H](O)CC1=O)[C@H](C)C[C@@H]2OC,DB00864,Tacrolimus
CC(=O)N1CCN(c2ccc(OCC3COC(Cn4ccnc4)(c4ccc(Cl)cc4Cl)O3)cc2)CC1,DB01026,Ketoconazole
[O-][n+]1ccccc1S,DB06815,Pyrithione
O=C(O)c1ccccc1O,DB00936,Salicylic acid
S1SSSSSSS1,DB09353,Octasulfur
Oc1cccc(O)c1,DB11085,Resorcinol
C[C@@H]1C[C@H]2[C@@H]3C[C@H](F)C4=CC(=O)C=C[C@]4(C)[C@@]3(F)[C@@H](O)C[C@]2(C)[C@@]1(O)C(=O)CO,DB00663,Flumethasone
CCS(=O)(=O)N1CC(CC#N)(n2cc(-c3ncnc4[nH]ccc34)cn2)C1,DB11817,Baricitinib
CC(C)c1c(C(=O)Nc2ccccc2)c(-c2ccccc2)c(-c2ccc(F)cc2)n1CC[C@@H](O)C[C@@H](O)CC(=O)O,DB01076,Atorvastatin
C[C@H]1C[C@H]2[C@@H]3CCC4=CC(=O)C=C[C@]4(C)[C@@]3(F)C(=O)C[C@]2(C)[C@@]1(O)C(=O)CCl,DB13158,Clobetasone
ClC=CC[N+]12CN3CN(CN(C3)C1)C2.[Cl-],DB14198,Quaternium-15
CC(C)c1c(O)cc(/C=C/c2ccccc2)cc1O,DB06083,Tapinarof
N#CC[C@H](C1CCCC1)n1cc(-c2ncnc3[nH]ccc23)cn1,DB08877,Ruxolitinib
CCC(=O)OCC(=O)[C@@]1(OC(=O)CC)[C@@H](C)C[C@H]2[C@@H]3CCC4=CC(=O)C=C[C@]4(C)[C@@]3(Cl)[C@@H](O)C[C@@]21C,DB00394,Beclomethasone dipropionate
O=C(Nc1c(Cl)cncc1Cl)c1ccc(OC(F)F)c(OCC2CC2)c1,DB01656,Roflumilast
N#CCCC(Br)(C#N)CBr,DB14199,Bromothalonil
Cn1sc(Cl)cc1=O,DB14197,Methylchloroisothiazolinone
CCOC(=O)O[C@]1(C(=O)COC(=O)CC)CC[C@H]2[C@@H]3CCC4=CC(=O)C=C[C@]4(C)[C@H]3[C@@H](O)C[C@@]21C,DB01130,Prednicarbate
CN1CCC(=C2c3ccccc3CC(=O)c3sccc32)CC1,DB00920,Ketotifen
C=C1C(=O)O[C@H]2[C@H]1CC/C(C)=C/CC[C@@]1(C)O[C@@H]21,DB13063,Parthenolide
CC[C@@H]1CN(C(=O)NCC(F)(F)F)C[C@@H]1c1cnc2cnc3[nH]ccc3n12,DB15091,Upadacitinib
Nc1ccc(S(=O)(=O)c2ccc(N)cc2)cc1,DB00250,Dapsone
CC1(C)O[C@@H]2C[C@H]3[C@@H]4C[C@H](F)C5=CC(=O)C=C[C@]5(C)[C@@]4(F)[C@@H](O)C[C@]3(C)[C@]2(C(=O)CO)O1,DB00591,Fluocinolone acetonide
NCCN,DB14189,Ethylenediamine
N=C(Nc1ccccc1)Nc1ccccc1,DB14191,Diphenylguanidine
O=C/C=C/c1ccccc1,DB14184,Cinnamaldehyde
CCOCCP(CCOCC)CCP(CCOCC)CCOCC,DB11180,Tetrofosmin
CC(C)=CCC/C(C)=C/CO,DB14183,Geraniol
c1ccc2sc(SNC3CCCCC3)nc2c1,DB14200,Thiohexam
COc1cc(CNC(=O)CCCC/C=C/C(C)C)ccc1O,DB06774,Capsaicin
CCN(CC)C(=S)[S-].CCN(CC)C(=S)[S-].[Zn+2],DB14193,Ditiocarb zinc
CCCCN(CCCC)C(=S)[S-].CCCCN(CCCC)C(=S)[S-].[Zn+2],DB14194,Zinc dibutyldithiocarbamate
CC(C)Nc1ccc(Nc2ccccc2)cc1,DB14195,4-(Isopropylamino)diphenylamine
c1ccc2sc(SSc3nc4ccccc4s3)nc2c1,DB14201,"2,2'-Dibenzothiazyl disulfide"
ClCl,DB11109,Chlorine
CC(CC=O)CCCC(C)(C)O,DB14187,Hydroxycitronellal
CC=Cc1ccc(O)c(OC)c1,DB14188,Isoeugenol
O=BOO,DB13235,Perboric acid
OC/C=C/c1ccccc1,DB14186,Cinnamyl alcohol
N#N,DB09152,Nitrogen
c1ccc(Nc2ccc(NC3CCCCC3)cc2)cc1,DB14196,"N-Cyclohexyl-N'-phenyl-1,4-phenylenediamine"
[Cl-].[Na+],DB09153,Sodium chloride
O=C(OC[C@H]1OC(OC(=O)c2cc(O)c(O)c(OC(=O)c3cc(O)c(O)c(O)c3)c2)[C@H](OC(=O)c2cc(O)c(O)c(OC(=O)c3cc(O)c(O)c(O)c3)c2)[C@@H](OC(=O)c2cc(O)c(O)c(OC(=O)c3cc(O)c(O)c(O)c3)c2)[C@@H]1OC(=O)c1cc(O)c(O)c(OC(=O)c2cc(O)c(O)c(O)c2)c1)c1cc(O)c(O)c(OC(=O)c2cc(O)c(O)c(O)c2)c1,DB09372,Tannic acid
O=[Zn],DB09321,Zinc oxide
Cc1cnc(NC(=O)C2=C(O)c3ccccc3S(=O)(=O)N2C)s1,DB00814,Meloxicam
C[C@H]1CN(C(=O)CC#N)[C@]12CCN(c1ncnc3[nH]ccc13)C2,DB16133,Delgocitinib
[Zn],DB01593,Zinc
COc1c(C)c2c(c(O)c1C/C=C(\C)CCC(=O)OCCN1CCOCC1)C(=O)OC2,DB00688,Mycophenolate mofetil
C[C@]12C[C@H](O)[C@@]3(F)[C@@H](CCC4=CC(=O)C=C[C@@]43C)[C@@H]1C[C@@H](O)[C@]2(O)C(=O)CO,DB00620,Triamcinolone
CC(=O)Nc1nnc(S(N)(=O)=O)s1,DB00819,Acetazolamide
[Mo],DB11137,Molybdenum
NC(N)=O,DB03904,Urea
O=S(=O)([O-])[O-].[Ba+2],DB11150,Barium sulfate
CC(=O)Oc1ccccc1C(=O)O,DB00945,Acetylsalicylic acid
O=O,DB09140,Oxygen
[Ne],DB11589,Neon
Clc1ccc(COC(Cn2ccnc2)c2ccc(Cl)cc2Cl)c(Cl)c1,DB01110,Miconazole
CN(C)CCC=C1c2ccccc2COc2ccccc21,DB01142,Doxepin
COC(=O)c1ccccc1O,DB09543,Methyl salicylate
C#C[C@]1(O)CC[C@H]2[C@@H]3CCC4=CC(=O)CC[C@@H]4[C@H]3CC[C@@]21CC,DB00367,Levonorgestrel
[B],DB11203,Boron
O=C1CN=C(c2ccccc2Cl)c2cc([N+](=O)[O-])ccc2N1,DB01068,Clonazepam
CC1=C(/C=C/C(C)=C\C=C\C(C)=C\C(=O)O)C(C)(C)CCC1,DB00523,Alitretinoin
O=C(NCC(O)CO)c1c(I)c(C(=O)NCC(O)CO)c(I)c(N(CCO)C(=O)CO)c1I,DB09134,Ioversol
C[C@]12C[C@H](O)[C@H]3[C@@H](CCC4=CC(=O)CC[C@@]43C)[C@@H]1CC[C@]2(O)C(=O)CO,DB00741,Hydrocortisone
C[C@@H]1C[C@H]2[C@@H]3CCC4=CC(=O)C=C[C@]4(C)[C@@]3(Cl)[C@@H](O)C[C@]2(C)[C@@]1(OC(=O)c1ccco1)C(=O)CCl,DB14512,Mometasone furoate
O=C(O)c1cc(=O)c2c(OCC(O)COc3cccc4oc(C(=O)O)cc(=O)c34)cccc2o1,DB01003,Cromoglicic acid
[Cr],DB11136,Chromium
OCC(O)CO,DB09462,Glycerin
