CNC(=C[N+](=O)[O-])NCCSCc1ccc(CN(C)C)o1,DB00863,Ranitidine
CSCC[C@H](NC(=O)[C@H](Cc1c[nH]c2ccccc12)NC(=O)CCNC(=O)OC(C)(C)C)C(=O)N[C@@H](CC(=O)O)C(=O)N[C@@H](Cc1ccccc1)C(N)=O,DB00183,Pentagastrin
CNC(=C[N+](=O)[O-])NCCSCc1csc(CN(C)C)n1,DB00585,Nizatidine
CN/C(=N/C#N)NCCSCc1nc[nH]c1C,DB00501,Cimetidine
NCCc1c[nH]cn1,DB05381,Histamine
COc1ccc2nc(S(=O)Cc3ncc(C)c(OC)c3C)[nH]c2c1,DB00338,Omeprazole
COCCCOc1ccnc(CS(=O)c2nc3ccccc3[nH]2)c1C,DB01129,Rabeprazole
Cc1c(OCC(F)(F)F)ccnc1CS(=O)c1nc2ccccc2[nH]1,DB00448,Lansoprazole
N[14C](N)=O,DB09513,Urea C-14
NC(N)=Nc1nc(CSCCC(N)=NS(N)(=O)=O)cs1,DB00927,Famotidine
[Al+3].[OH-].[OH-].[OH-],DB06723,Aluminum hydroxide
CCCCC(C)(O)C/C=C/[C@H]1[C@H](O)CC(=O)[C@@H]1CCCCCCC(=O)OC,DB00929,Misoprostol
COc1ccnc(CS(=O)c2nc3ccc(OC(F)F)cc3[nH]2)c1OC,DB00213,Pantoprazole
Cc1c(OCC(F)(F)F)ccnc1C[S@@](=O)c1nc2ccccc2[nH]1,DB05351,Dexlansoprazole
O=[Si]([O-])O[Si]([O-])([O-])O[Si](=O)[O-].[Mg+2].[Mg+2],DB09281,Magnesium trisilicate
O=C([O-])[O-].[Ca+2],DB06724,Calcium carbonate
CNCc1cc(-c2ccccc2F)n(S(=O)(=O)c2cccnc2)c1,DB11739,Vonoprazan
COc1ccc2[nH]c([S@@](=O)Cc3ncc(C)c(OC)c3C)nc2c1,DB00736,Esomeprazole
CCN(CC)CCNC(=O)c1cc(Cl)c(N)cc1OC,DB01233,Metoclopramide
N[13C](N)=O,DB09510,Urea C-13
O.O=S(=O)(OC[C@H]1O[C@H](O[C@]2(COS(=O)(=O)O[Al](O)O)O[C@H](COS(=O)(=O)O[Al](O)O)[C@@H](OS(=O)(=O)O[Al](O)O)[C@@H]2OS(=O)(=O)O[Al](O)O)[C@H](OS(=O)(=O)O[Al](O)O)[C@@H](OS(=O)(=O)O[Al](O)O)[C@@H]1OS(=O)(=O)O[Al](O)O)O[Al](O)O.O[Al](O)O,DB00364,Sucralfate
C[N+]1(C)CCC(OC(=O)C(O)(c2ccccc2)C2CCCC2)C1,DB00986,Glycopyrronium
C[N+](C)(C)C[C@H](O)CC(=O)[O-],DB00583,Levocarnitine
O.O=S(=O)([O-])[O-].O=S(=O)([O-])[O-].[Al+3].[Al+3].[Al+3].[Al+3].[Al+3].[Mg+2].[Mg+2].[Mg+2].[Mg+2].[Mg+2].[Mg+2].[Mg+2].[Mg+2].[Mg+2].[Mg+2].[OH-].[OH-].[OH-].[OH-].[OH-].[OH-].[OH-].[OH-].[OH-].[OH-].[OH-].[OH-].[OH-].[OH-].[OH-].[OH-].[OH-].[OH-].[OH-].[OH-].[OH-].[OH-].[OH-].[OH-].[OH-].[OH-].[OH-].[OH-].[OH-].[OH-].[OH-],DB08938,Magaldrate
O.O.O.O.[98Tc-],DB09314,Technetium Tc-99m pertechnetate
O=C(O)c1cc(O)c2c(c1)O[Bi](O)O2,DB13909,Bismuth subgallate
O=C([O-])CC([O-])(CC(=O)[O-])C(=O)[O-].O=C([O-])CC([O-])(CC(=O)[O-])C(=O)[O-].[Bi+3].[K+].[K+].[K+].[K+].[K+],DB09275,Bismuth subcitrate potassium
C[N+]1(C)C2CCC1CC(OC(=O)C(O)c1ccccc1)C2.[Br-],DB00725,Homatropine methylbromide
O=c1[nH]c(=O)n(C2CCCO2)cc1F,DB09256,Tegafur
CN1[C@H]2CC[C@@H]1C[C@H](OC(=O)[C@H](CO)c1ccccc1)C2,DB00424,Hyoscyamine
[Cl-].[Cl-].[Mg+2],DB09407,Magnesium chloride
O=c1[nH]c2ccccc2n1CCCN1CCC(n2c(=O)[nH]c3cc(Cl)ccc32)CC1,DB01184,Domperidone
O=C([O-])[O-].[Na+].[Na+],DB09460,Sodium carbonate
[Cl-].[NH4+],DB06767,Ammonium chloride
CN1CCC(COc2cnc(-c3cccc(Cn4nc(-c5cccc(C#N)c5)ccc4=O)c3)nc2)CC1,DB15133,Tepotinib
C[N@+]1(CC2CC2)CC[C@]23c4c5ccc(O)c4O[C@H]2C(=O)CC[C@@]3(O)[C@H]1C5,DB06800,Methylnaltrexone
COc1cccc2c1C(=O)c1c(O)c3c(c(O)c1C2=O)C[C@@](O)(C(=O)CO)C[C@@H]3O[C@H]1C[C@H](N)[C@H](O)[C@H](C)O1,DB00997,Doxorubicin
O=C(O)c1nc(=O)[nH]c(=O)[nH]1,DB03209,Oteracil
CCCCCCCCCCC[C@@H](C[C@@H]1OC(=O)[C@H]1CCCCCC)OC(=O)[C@H](CC(C)C)NC=O,DB01083,Orlistat
Cn1c(=O)cc(N2CCC[C@@H](N)C2)n(Cc2ccccc2C#N)c1=O,DB06203,Alogliptin
O=c1cc(O)c(Cl)c[nH]1,DB09257,Gimeracil
[C],DB09278,Activated charcoal
CC[C@@H]1C(=O)OC[C@@H]1Cc1cncn1C,DB01085,Pilocarpine
CCCCCOC(=O)Nc1nc(=O)n([C@@H]2O[C@H](C)[C@@H](O)[C@H]2O)cc1F,DB01101,Capecitabine
CC[C@H](C)[C@H](NC(=O)[C@@H]1CCCN1C(=O)CNC(=O)[C@H](Cc1ccccc1)NC(=O)[C@H](CC(N)=O)NC(=O)[C@H](CC(N)=O)NC(=O)[C@H](CO)NC(=O)[C@H](CO)NC(=O)[C@H](Cc1cnc[nH]1)NC(=O)[C@@H](NC(=O)[C@H](CC(C)C)NC(=O)[C@H](Cc1ccccc1)NC(=O)[C@H](CC(N)=O)NC(=O)[C@H](C)NC(=O)[C@H](CC(C)C)NC(=O)[C@H](CCCNC(=N)N)NC(=O)[C@H](CCC(N)=O)NC(=O)[C@@H](NC(=O)[C@H](C)NC(=O)[C@@H]1CSSC[C@H](NC(=O)[C@@H](N)CCCCN)C(=O)N[C@@H](CC(N)=O)C(=O)N[C@@H]([C@@H](C)O)C(=O)N[C@@H](C)C(=O)N[C@@H]([C@@H](C)O)C(=O)N1)[C@@H](C)O)C(C)C)C(=O)N[C@@H](CC(C)C)C(=O)N1CCC[C@H]1C(=O)N1CCC[C@H]1C(=O)N[C@H](C(=O)N[C@@H](CC(N)=O)C(=O)N[C@H](C(=O)NCC(=O)N[C@@H](CO)C(=O)N[C@@H](CC(N)=O)C(=O)N[C@H](C(=O)N[C@@H](Cc1ccc(O)cc1)C(N)=O)[C@@H](C)O)C(C)C)[C@@H](C)O,DB01278,Pramlintide
CC[C@H](C)[C@H](NC(=O)[C@H](Cc1ccccc1)NC(=O)[C@H](CCC(=O)O)NC(=O)[C@H](CCCCNC(=O)COCCOCCNC(=O)COCCOCCNC(=O)CC[C@@H](NC(=O)CCCCCCCCCCCCCCCCC(=O)O)C(=O)O)NC(=O)[C@H](C)NC(=O)[C@H](C)NC(=O)[C@H](CCC(N)=O)NC(=O)CNC(=O)[C@H](CCC(=O)O)NC(=O)[C@H](CC(C)C)NC(=O)[C@H](Cc1ccc(O)cc1)NC(=O)[C@H](CO)NC(=O)[C@H](CO)NC(=O)[C@@H](NC(=O)[C@H](CC(=O)O)NC(=O)[C@H](CO)NC(=O)[C@@H](NC(=O)[C@H](Cc1ccccc1)NC(=O)[C@@H](NC(=O)CNC(=O)[C@H](CCC(=O)O)NC(=O)C(C)(C)NC(=O)[C@@H](N)Cc1cnc[nH]1)[C@@H](C)O)[C@@H](C)O)C(C)C)C(=O)N[C@@H](C)C(=O)N[C@@H](Cc1c[nH]c2ccccc12)C(=O)N[C@@H](CC(C)C)C(=O)N[C@H](C(=O)N[C@@H](CCCNC(=N)N)C(=O)NCC(=O)N[C@@H](CCCNC(=N)N)C(=O)NCC(=O)O)C(C)C,DB13928,Semaglutide
O=C([O-])O.[K+],DB11098,Potassium bicarbonate
COc1cc2c(cc1O)CCN[C@]21CS[C@@H]2c3c(OC(C)=O)c(C)c4c(c3[C@H](COC1=O)N1[C@@H](O)[C@@H]3Cc5cc(C)c(OC)c(O)c5[C@H]([C@H]21)N3C)OCO4,DB05109,Trabectedin
O=C([O-])CCc1ccc(O)c(CN(CCN(CC(=O)[O-])Cc2cc(CCC(=O)NCCCCCC(=O)NCCCC[C@H](NC(=O)N[C@@H](CCC(=O)O)C(=O)O)C(=O)O)ccc2O)CC(=O)[O-])c1.[68Ga+3],DB16019,Gallium Ga-68 gozetotide
COc1ccc2cc([C@H](C)C(=O)O)ccc2c1,DB00788,Naproxen
CC(=O)N[C@@H](CCCN=C(N)N)C(=O)N[C@H]1CSSC[C@@H](C(N)=O)NC(=O)[C@H](Cc2c[nH]c3ccccc23)NC(=O)[C@H](CCCN=C(N)N)NC(=O)[C@@H](Cc2ccccc2)NC(=O)[C@H](Cc2cnc[nH]2)NC(=O)[C@@H](C)NC1=O,DB11700,Setmelanotide
O=c1[nH]cc(F)c(=O)[nH]1,DB00544,Fluorouracil
COc1ccccc1OCC(O)CO,DB00874,Guaifenesin
O=C([O-])O.[Na+],DB01390,Sodium bicarbonate
[Cl-].[K+],DB00761,Potassium chloride
N=C1CCCN1Cc1[nH]c(=O)[nH]c(=O)c1Cl,DB09343,Tipiracil
[K+].[OH-],DB11153,Potassium hydroxide
COc1ccc2c(c1)c(CC(=O)O)c(C)n2C(=O)c1ccc(Cl)cc1,DB00328,Indomethacin
S1SSSSSSS1.[99Tc],DB09397,Technetium Tc-99m sulfur colloid
Cc1ccc(-c2cc(C(F)(F)F)nn2-c2ccc(S(N)(=O)=O)cc2)cc1,DB00482,Celecoxib
CC(=O)O[C@@]12CO[C@@H]1C[C@H](O)[C@@]1(C)C(=O)[C@H](O)C3=C(C)[C@@H](OC(=O)[C@H](O)[C@@H](NC(=O)OC(C)(C)C)c4ccccc4)C[C@@](O)([C@@H](OC(=O)c4ccccc4)[C@@H]12)C3(C)C,DB01248,Docetaxel
O=C(O)Cc1ccccc1Nc1c(Cl)cccc1Cl,DB00586,Diclofenac
O=C([O-])[C@H](O)[C@@H](O)[C@H](O)[C@H](O)CO.O=C([O-])[C@H](O)[C@@H](O)[C@H](O)[C@H](O)CO.[Ca+2],DB11126,Calcium gluconate
O=C1O[Bi](O)Oc2ccccc21,DB01294,Bismuth subsalicylate
O=c1[nH]c(=O)n([C@H]2C[C@H](O)[C@@H](CO)O2)cc1C(F)(F)F,DB00432,Trifluridine
O.[Al+3].[Al+3].[Mg+2].[O-][Si]([O-])([O-])[O-].[O-][Si]([O-])([O-])[O-],DB13595,Almasilate
C[C@@H](O)[C@H](NC(=O)[C@@H]1CSSC[C@H](NC(=O)[C@@H](Cc2ccccc2)NC(=O)CN2CCN(CC(=O)[O-])CCN(CC(=O)[O-])CCN(CC(=O)[O-])CC2)C(=O)N[C@@H](Cc2ccc(O)cc2)C(=O)N[C@H](Cc2c[nH]c3ccccc23)C(=O)N[C@@H](CCCCN)C(=O)N[C@@H]([C@@H](C)O)C(=O)N1)C(=O)O.[177Lu+3],DB13985,Lutetium Lu 177 dotatate
O=P([O-])([O-])[O-].[Al+3],DB14517,Aluminium phosphate
[Cl-].[Na+],DB09153,Sodium chloride
[Na+].[Na+].[O-][Si]1([O-])O[Si]([O-])([O-])O[Si]([O-])([O-])O1.[Zr],DB14048,Sodium zirconium cyclosilicate
[Mg+2].[O-2],DB01377,Magnesium oxide
CN(C)CCCOc1nn(Cc2ccccc2)c2ccccc12,DB09084,Benzydamine
COc1ccc2cc(CCC(C)=O)ccc2c1,DB00461,Nabumetone
[Mg+2].[OH-].[OH-],DB09104,Magnesium hydroxide
O=C([O-])[O-].[Mg+2],DB09481,Magnesium carbonate
O=C(O)c1ccccc1,DB03793,Benzoic acid
O=C(O)[C@H](O)[C@@H](O)[C@H](O)[C@H](O)CO,DB13180,Gluconic Acid
CN(C)c1ccc2nc3ccc(N(C)C)cc3[s+]c2c1.[Cl-],DB09241,Methylene blue
Cn1c(=O)c2c(ncn2C)n(C)c1=O,DB00201,Caffeine
CC(=O)[O-].[Na+],DB09395,Sodium acetate
[Ca+2].[Cl-].[Cl-],DB01164,Calcium chloride
