[Cl-].[Cl-].[Cl-].[Cr+3],DB09129,Chromic chloride
Cc1ccc(C(C)C)c(O)c1,DB02513,Thymol
[O-][Cl+2]([O-])O,DB14150,Chloric acid
C[C@H](CCC(=O)O)[C@H]1CC[C@H]2[C@H]3[C@H](C[C@H](O)[C@@]21C)[C@@]1(C)CC[C@@H](O)C[C@H]1C[C@H]3O,DB02659,Cholic Acid
Cc1nc(Nc2ncc(C(=O)Nc3c(C)cccc3Cl)s2)cc(N2CCN(CCO)CC2)n1,DB01254,Dasatinib
Cc1cn(-c2cc(NC(=O)c3ccc(C)c(Nc4nccc(-c5cccnc5)n4)c3)cc(C(F)(F)F)c2)cn1,DB04868,Nilotinib
O=C(Nc1ccc(OC(F)(F)Cl)cc1)c1cnc(N2CC[C@@H](O)C2)c(-c2ccn[nH]2)c1,DB12597,Asciminib
CS(=O)(=O)OCCCCOS(C)(=O)=O,DB01008,Busulfan
CN1CC[C@@H](NC(=O)Nc2ccc(C#N)cc2)C[C@@H]1c1nc2ccccc2[nH]1,DB11978,Glasdegib
C[C@H](CCC(=O)O)[C@H]1CC[C@H]2[C@H]3[C@H](CC[C@@]21C)[C@@]1(C)CC[C@@H](O)C[C@H]1C[C@H]3O,DB06777,Chenodeoxycholic acid
CCN(C(=O)c1cc(F)ccc1Oc1cncnc1N1CC2(CCN(C[C@H]3CC[C@H](NS(=O)(=O)CC)CC3)CC2)C1)C(C)C,DB18515,Revumenib
Cc1ccc(C(=O)Nc2ccc(CN3CCN(C)CC3)c(C(F)(F)F)c2)cc1C#Cc1cnc2cccnn12,DB08901,Ponatinib
CO[C@@H]1[C@H](N(C)C(=O)c2ccccc2)C[C@H]2O[C@]1(C)n1c3ccccc3c3c4c(c5c6ccccc6n2c5c31)C(=O)NC4,DB06595,Midostaurin
C[C@H](Nc1ccc(C#N)n(C)c1=O)c1cc2cc(Cl)ccc2[nH]c1=O,DB16267,Olutasidenib
Nc1ncn([C@H]2C[C@H](O)[C@@H](CO)O2)c(=O)n1,DB01262,Decitabine
CC(C)(O)CNc1nc(Nc2ccnc(C(F)(F)F)c2)nc(-c2cccc(C(F)(F)F)n2)n1,DB13874,Enasidenib
COc1cc(Nc2c(C#N)cnc3cc(OCCCN4CCN(C)CC4)c(OC)cc23)c(Cl)cc1Cl,DB06616,Bosutinib
Cc1ccc(NC(=O)c2ccc(CN3CCN(C)CC3)cc2)cc1Nc1nccc(-c2cccnc2)n1,DB00619,Imatinib
N#Cc1ccnc(N2C(=O)CC[C@H]2C(=O)N(c2cncc(F)c2)[C@H](C(=O)NC2CC(F)(F)C2)c2ccccc2Cl)c1,DB14568,Ivosidenib
O=C1N[C@H](O)CCN1[C@@H]1O[C@H](CO)[C@@H](O)C1(F)F,DB15694,Cedazuridine
CC1(C)CCC(CN2CCN(c3ccc(C(=O)NS(=O)(=O)c4ccc(NCC5CCOCC5)c([N+](=O)[O-])c4)c(Oc4cnc5[nH]ccc5c4)c3)CC2)=C(c2ccc(Cl)cc2)C1,DB11581,Venetoclax
CCc1nc(C(N)=O)c(Nc2ccc(N3CCC(N4CCN(C)CC4)CC3)c(OC)c2)nc1NC1CCOCC1,DB12141,Gilteritinib
Nc1ccn([C@@H]2O[C@H](CO)[C@@H](O)[C@@H]2O)c(=O)n1,DB00987,Cytarabine
COc1cccc2c1C(=O)c1c(O)c3c(c(O)c1C2=O)C[C@@](O)(C(C)=O)C[C@@H]3O[C@H]1C[C@H](N)[C@H](O)[C@H](C)O1,DB00694,Daunorubicin
CC(=O)[C@]1(O)Cc2c(O)c3c(c(O)c2[C@@H](O[C@H]2C[C@H](N)[C@H](O)[C@H](C)O2)C1)C(=O)c1ccccc1C3=O,DB01177,Idarubicin
CC1=C(/C=C/C(C)=C/C=C/C(C)=C/C(=O)O)C(C)(C)CCC1,DB00755,Tretinoin
O=[As]O[As]=O,DB01169,Arsenic trioxide
Nc1nc(Cl)nc2c1ncn2[C@@H]1O[C@H](CO)[C@@H](O)[C@@H]1F,DB00631,Clofarabine
CC(=O)Oc1ccccc1C(=O)O,DB00945,Acetylsalicylic acid
Nc1ncn([C@@H]2O[C@H](CO)[C@@H](O)[C@H]2O)c(=O)n1,DB00928,Azacitidine
C=C1/C(=C\C=C2/CCC[C@@]3(C)[C@H]2CC[C@@H]3[C@H](C)/C=C/[C@H](C)C(C)C)C[C@@H](O)C[C@@H]1O,DB06410,Doxercalciferol
Cn1c(CCCC(=O)O)nc2cc(N(CCCl)CCCl)ccc21,DB06769,Bendamustine
COc1nc(N)nc2c1ncn2[C@@H]1O[C@H](CO)[C@@H](O)[C@@H]1O,DB01280,Nelarabine
O=C(O)CNC(=O)c1ncc(-c2cccc(Cl)c2)cc1O,DB12255,Vadadustat
Cc1nc(C(=O)NCC(=O)O)c(O)c2ccc(Oc3ccccc3)cc12,DB04847,Roxadustat
CCCCC(F)(F)[C@@]1(O)CC[C@H]2[C@@H](CC(=O)[C@@H]2CCCCCCC(=O)O)O1,DB01046,Lubiprostone
C=CC(=O)N(C)CCOc1c(N)ncnc1-c1cc(F)cc(NC(=O)c2ccc(C3CC3)cc2F)c1C,DB16852,Remibrutinib
Nc1nc(=S)c2[nH]cnc2[nH]1,DB00352,Tioguanine
COc1cc2c(cc1OC)-c1c/c(=N\c3c(C)cc(C)cc3C)n(CCNC(N)=O)c(=O)n1CC2,DB16157,Ensifentrine
S=c1nc[nH]c2nc[nH]c12,DB01033,Mercaptopurine
C=C1/C(=C\C=C2/CCC[C@@]3(C)[C@H]2CC[C@@H]3[C@H](C)CCCC(C)C)C[C@@H](O)C[C@@H]1O,DB01436,Alfacalcidol
C[C@@H](Nc1nc(N[C@H](C)C(F)(F)F)nc(-c2cccc(Cl)n2)n1)C(F)(F)F,DB17097,Vorasidenib
OC[C@H]1O[C@@H](n2cnc3c2N=CNC[C@H]3O)C[C@@H]1O,DB00552,Pentostatin
CC[C@]1(O)C[C@@H]2C[N@@](CCc3c([nH]c4ccccc34)[C@@](C(=O)OC)(c3cc4c(cc3OC)N(C=O)[C@H]3[C@@](O)(C(=O)OC)[C@H](OC(C)=O)[C@]5(CC)C=CCN6CC[C@]43[C@@H]65)C2)C1,DB00541,Vincristine
CN(C)CCCN1c2ccccc2CCc2ccc(Cl)cc21,DB01242,Clomipramine
CS(=O)(=O)OC[C@H](O)[C@@H](O)COS(C)(=O)=O,DB11678,Treosulfan
COc1ccc(C[C@@H](C)NC[C@H](O)c2ccc(O)c(NC=O)c2)cc1,DB01274,Arformoterol
CC(C)NC(=O)COc1cccc(-c2nc(Nc3ccc4[nH]ncc4c3)c3ccccc3n2)c1,DB16703,Belumosudil
C=CC(=O)N1CCC[C@@H](n2nc(-c3ccc(Oc4ccccc4)cc3)c3c(N)ncnc32)C1,DB09053,Ibrutinib
CC#CC(=O)N1CCC[C@H]1c1nc(-c2ccc(C(=O)Nc3ccccn3)cc2)c2c(N)nccn12,DB11703,Acalabrutinib
COc1cc(C(C)C)c(Oc2cnc(N)nc2N)cc1S(N)(=O)=O,DB15097,Gefapixant
O=C([O-])[O-].O=C([O-])[O-].O=C([O-])[O-].[La+3].[La+3],DB06792,Lanthanum carbonate
C[C@@H](/C=C/[C@@H](C)[C@H]1CC[C@H]2/C(=C/C=C3C[C@@H](O)C[C@H](O)C3)CCC[C@@]21C)C(C)(C)O,DB00910,Paricalcitol
Nc1nc(/C(=C/CC(=O)O)C(=O)N[C@@H]2C(=O)N3C(C(=O)O)=CCS[C@H]23)cs1,DB01415,Ceftibuten
O=C(Nc1nc(-c2cc(Cl)cs2)c(N2CCN(C3CCCCC3)CC2)s1)c1cnc(N2CCC(C(=O)O)CC2)c(Cl)c1,DB11995,Avatrombopag
O=C(O[C@H]1C[N+]2(CCCOc3ccccc3)CCC1CC2)C(O)(c1cccs1)c1cccs1,DB08897,Aclidinium
C=CCN.ClCC1CO1,DB00658,Sevelamer
CN(CCCl)CCCl,DB00888,Mechlorethamine
CNCCCN1c2ccccc2CCc2ccccc21,DB01151,Desipramine
O=C(O)CCCc1ccc(N(CCCl)CCCl)cc1,DB00291,Chlorambucil
CC(C)(C)NC[C@H](O)c1ccc(O)c(CO)c1,DB13139,Levosalbutamol
O.O.O.O.O.O.O.O.O.O.O=C([O-])CC([O-])(CC(=O)[O-])C(=O)[O-].O=C([O-])CC([O-])(CC(=O)[O-])C(=O)[O-].O=C([O-])CC([O-])(CC(=O)[O-])C(=O)[O-].[Fe+3].[Fe+3].[Fe+3].[Fe+3],DB14520,Tetraferric tricitrate decahydrate
CC(C)(C)NCC(O)c1ccc(O)c(CO)c1,DB01001,Albuterol
C=CC(=O)N1CCC([C@@H]2CCNc3c(C(N)=O)c(-c4ccc(Oc5ccccc5)cc4)nn32)CC1,DB15035,Zanubrutinib
CC(=O)N[C@H](CSSC[C@H](N)C(=O)O)C(=O)N[C@H](C)C(=O)N[C@H](CCCNC(=N)N)C(=O)N[C@H](CCCNC(=N)N)C(=O)N[C@H](CCCNC(=N)N)C(=O)N[C@H](C)C(=O)N[C@H](CCCNC(=N)N)C(N)=O,DB12865,Etelcalcetide
OC(c1ccccc1)(c1ccccc1)C12CC[N+](CCOCc3ccccc3)(CC1)CC2,DB09076,Umeclidinium
CNCCC=C1c2ccccc2CCc2ccccc21,DB00540,Nortriptyline
C[C@H](Nc1ncnc2[nH]cnc12)c1cc2cccc(Cl)c2c(=O)n1-c1ccccc1,DB11952,Duvelisib
CC(C)(C)c1cc(NC(=O)Nc2ccc(-c3cn4c(n3)sc3cc(OCCN5CCOCC5)ccc34)cc2)no1,DB12874,Quizartinib
O=C(O)CNC(=O)C1C(=O)N(C2CCCCC2)C(=O)N(C2CCCCC2)C1=O,DB11682,Daprodustat
CC[C@H](Nc1ncnc2[nH]cnc12)c1nc2cccc(F)c2c(=O)n1-c1ccccc1,DB09054,Idelalisib
CCc1cc2c(cc1CC)CC(NC[C@H](O)c1ccc(O)c3[nH]c(=O)ccc13)C2,DB05039,Indacaterol
Cn1c(=O)c2[nH]cnc2n(C)c1=O.Cn1c(=O)c2[nH]cnc2n(C)c1=O.NCCN,DB01223,Aminophylline
CC(C)C[C@@H](NC(=O)[C@@H](Cc1ccccc1)NC(=O)[C@H](N)Cc1ccccc1)C(=O)N[C@H](CCCCN)C(=O)N1CCC(N)(C(=O)O)CC1,DB11938,Difelikefalin
COc1ccc(-c2cc(=S)ss2)cc1,DB13853,Anethole trithione
CC(C)C[C@H](NC(=O)[C@@H]1CSSC[C@@H]2NC(=O)[C@H](CC(C)C)NC(=O)[C@H](CCC(=O)O)NC(=O)[C@@H](NC(=O)[C@H](CCC(=O)O)NC(=O)[C@H](CC(=O)O)NC(=O)[C@@H](N)CC(N)=O)CSSC[C@H](NC(=O)[C@H](C)NC(=O)[C@H](C(C)C)NC(=O)[C@H](CC(N)=O)NC(=O)[C@H](C(C)C)NC2=O)C(=O)N[C@@H]([C@@H](C)O)C(=O)NCC(=O)N1)C(=O)O,DB13170,Plecanatide
Cn1c(=O)oc2ccc(-c3ccc(C[C@@H](C#N)NC(=O)[C@@H]4CNCCCO4)cc3)cc21,DB15638,Brensocatib
CC(=O)NO,DB00551,Acetohydroxamic acid
CCOc1ncc(C)c2c1[C@H](c1ccc(C#N)cc1OC)C(C(N)=O)=C(C)N2,DB16165,Finerenone
OC[C@H](O)[C@@H](O)[C@H](O[C@@H]1O[C@H](CO)[C@H](O)[C@H](O)[C@H]1O)[C@H](O)CO,DB12942,Lactitol
Nc1nc(F)nc2c1ncn2[C@@H]1O[C@H](CO)[C@@H](O)[C@@H]1O,DB01073,Fludarabine
O=P1(N(CCCl)CCCl)NCCCO1,DB00531,Cyclophosphamide
CCCCCCO[C@@H](C)c1cccc(-c2csc(NC(=O)c3cc(Cl)c(/C=C(\C)C(=O)O)c(Cl)c3)n2)c1OC,DB13125,Lusutrombopag
CC(C)(/C=C(\C#N)C(=O)N1CCC[C@@H](n2nc(-c3ccc(Oc4ccccc4)cc3F)c3c(N)ncnc32)C1)N1CCN(C2COC2)CC1,DB17709,Rilzabrutinib
C=CCN1CC[C@]23c4c5ccc(O)c4O[C@H]2[C@@H](OCCOCCOCCOCCOCCOCCOCCOC)CC[C@@]3(O)[C@H]1C5,DB09049,Naloxegol
CN1CCN(CCCN2c3ccccc3Sc3ccc(S(=O)(=O)N(C)C)cc32)CC1,DB01622,Thioproperazine
COc1ccc2c3c1O[C@H]1C(=O)CC[C@@]4(O)[C@@H](C2)N(C)CC[C@]314,DB00497,Oxycodone
Cc1cncc(CN2CCC(=C3c4ccc(Cl)cc4CCc4cccnc43)CC2)c1,DB11614,Rupatadine
CCCCC(=O)N(Cc1ccc(-c2ccccc2-c2nn[nH]n2)cc1)[C@H](C(=O)O)C(C)C,DB00177,Valsartan
CC1=C(/C=C/C(C)=C\C=C\C(C)=C\C(=O)O)C(C)(C)CCC1,DB00523,Alitretinoin
Nc1nc(Cl)nc2c1ncn2[C@H]1C[C@H](O)[C@@H](CO)O1,DB00242,Cladribine
COC(=O)N[C@H](C(=O)N1CCC[C@H]1c1ncc(-c2ccc3c(c2)O[C@@H](c2ccccc2)n2c-3cc3cc(-c4cnc([C@@H]5CCCN5C(=O)[C@@H](NC(=O)OC)C(C)C)[nH]4)ccc32)[nH]1)C(C)C,DB11574,Elbasvir
CCCCCCCCCCCCCCCC(=O)NCC(O)COP(=O)(S)OCC1OC(n2cc(C)c(=O)[nH]c2=O)CC1NP(=O)(S)OCC1OC(n2cnc3c(N)ncnc32)CC1NP(=O)(S)OCC1OC(n2cnc3c(=O)[nH]c(N)nc32)CC1NP(=O)(S)OCC1OC(n2cnc3c(=O)[nH]c(N)nc32)CC1NP(=O)(S)OCC1OC(n2cnc3c(=O)[nH]c(N)nc32)CC1NP(=O)(S)OCC1OC(n2cc(C)c(=O)[nH]c2=O)CC1NP(=O)(S)OCC1OC(n2cc(C)c(=O)[nH]c2=O)CC1NP(=O)(S)OCC1OC(n2cnc3c(N)ncnc32)CC1NP(=O)(S)OCC1OC(n2cnc3c(=O)[nH]c(N)nc32)CC1NP(=O)(S)OCC1OC(n2cnc3c(N)ncnc32)CC1NP(=O)(S)OCC1OC(n2ccc(N)nc2=O)CC1NP(=O)(S)OCC1OC(n2cnc3c(N)ncnc32)CC1NP(=O)(S)OCC1OC(n2cnc3c(N)ncnc32)CC1N,DB14909,Imetelstat
NC(=O)c1ncn([C@@H]2O[C@H](CO)[C@@H](O)[C@H]2O)n1,DB00811,Ribavirin
CCN(CCO)CCCC(C)Nc1ccnc2cc(Cl)ccc12,DB01611,Hydroxychloroquine
C=C[C@@H]1C[C@]1(NC(=O)[C@@H]1C[C@@H]2CN1C(=O)[C@H](C(C)(C)C)NC(=O)O[C@@H]1C[C@H]1CCCCCc1nc3ccc(OC)cc3nc1O2)C(=O)NS(=O)(=O)C1CC1,DB11575,Grazoprevir
COC[C@H]1C[C@@H](c2ncc(-c3ccc4c(c3)COc3cc5c(ccc6nc([C@@H]7CC[C@H](C)N7C(=O)[C@@H](NC(=O)OC)C(C)C)[nH]c65)cc3-4)[nH]2)N(C(=O)[C@H](NC(=O)OC)c2ccccc2)C1,DB11613,Velpatasvir
O=C([O-])[C@H](O)[C@@H](O)[C@H](O)[C@H](O)CO.OC[C@H]1O[C@H](O[C@]2(CO)O[C@H](CO)[C@@H](O)[C@@H]2O)[C@H](O)[C@@H](O)[C@@H]1O.OC[C@H]1O[C@H](O[C@]2(CO)O[C@H](CO)[C@@H](O)[C@@H]2O)[C@H](O)[C@@H](O)[C@@H]1O.OC[C@H]1O[C@H](O[C@]2(CO)O[C@H](CO)[C@@H](O)[C@@H]2O)[C@H](O)[C@@H](O)[C@@H]1O.OC[C@H]1O[C@H](O[C@]2(CO)O[C@H](CO)[C@@H](O)[C@@H]2O)[C@H](O)[C@@H](O)[C@@H]1O.OC[C@H]1O[C@H](O[C@]2(CO)O[C@H](CO)[C@@H](O)[C@@H]2O)[C@H](O)[C@@H](O)[C@@H]1O.[Fe+3].[Fe+3].[Na+].[O-2].[O-2].[O-2],DB09517,Sodium ferric gluconate complex
CC(C)(O)c1ccccc1CC[C@@H](SCC1(CC(=O)O)CC1)c1cccc(/C=C/c2ccc3ccc(Cl)cc3n2)c1,DB00471,Montelukast
OCc1cc(C(O)CNCCCCCCOCCCCc2ccccc2)ccc1O,DB00938,Salmeterol
Cc1nc(-c2cnc(NC(C)C)n(C)c2=O)ccc1Oc1ccnc(-c2cnn(C)c2)c1,DB17520,Vimseltinib
COc1ccc(-c2cc(=O)c3c(O)cc(O[C@@H]4O[C@H](CO[C@@H]5O[C@@H](C)[C@H](O)[C@@H](O)[C@H]5O)[C@@H](O)[C@H](O)[C@H]4O)cc3o2)cc1O,DB08995,Diosmin
COc1ccc(CC(C)(C)NC[C@H](O)c2cc(O)cc3c2OCC(=O)N3)cc1,DB09080,Olodaterol
CN(CCN1CCC(OC(=O)Nc2ccccc2-c2ccccc2)CC1)C(=O)c1ccc(CN2CCC(C(N)=O)CC2)cc1,DB11855,Revefenacin
CN1Cc2c(Cl)cc(Cl)cc2[C@H](c2cccc(S(=O)(=O)NCCOCCOCCNC(=O)NCCCCNC(=O)NCCOCCOCCNS(=O)(=O)c3cccc([C@@H]4CN(C)Cc5c(Cl)cc(Cl)cc54)c3)c2)C1,DB11761,Tenapanor
Oc1ncnc2[nH]ncc12,DB00437,Allopurinol
[Na+].[Na+].[O-][Si]1([O-])O[Si]([O-])([O-])O[Si]([O-])([O-])O1.[Zr],DB14048,Sodium zirconium cyclosilicate
Cc1nc(-c2ccc(OCC(C)C)c(C#N)c2)sc1C(=O)O,DB04854,Febuxostat
COc1cc([C@@H]2c3cc4c(cc3[C@@H](O[C@@H]3O[C@@H]5CO[C@@H](c6cccs6)O[C@H]5[C@H](O)[C@H]3O)[C@H]3COC(=O)[C@H]23)OCO4)cc(OC)c1O,DB00444,Teniposide
COc1ccc([C@@H]2Sc3ccccc3N(CCN(C)C)C(=O)[C@@H]2OC(C)=O)cc1,DB00343,Diltiazem
N#CC[C@H](C1CCCC1)n1cc(-c2ncnc3[nH]ccc23)cn1,DB08877,Ruxolitinib
COC(=O)N(C)c1c(N)nc(-c2nn(Cc3ccccc3F)c3ncccc23)nc1N,DB08931,Riociguat
O.O.O.OC[C@H]1O[C@H](O[C@]2(CO)O[C@H](CO)[C@@H](O)[C@@H]2O)[C@H](O)[C@@H](O)[C@@H]1O.[Fe+3].[Fe+3].[Fe+3].[Fe+3].[Fe+3].[Na+].[Na+].[O-2].[O-2].[O-2].[O-2].[O-2].[O-2].[O-2].[O-2].[OH-],DB09146,Iron sucrose
COc1ccccc1OCC(O)CN1CCN(CC(=O)Nc2c(C)cccc2C)CC1,DB00243,Ranolazine
O=C(c1ccc(NS(=O)(=O)c2cccc3cccnc23)cc1)N1CCN(CC2CC2)CC1,DB16236,Mitapivat
COC(=O)N[C@H](C(=O)N1CCC[C@H]1C(=O)Nc1ccc([C@@H]2CC[C@@H](c3ccc(NC(=O)[C@@H]4CCCN4C(=O)[C@@H](NC(=O)OC)C(C)C)cc3)N2c2ccc(C(C)(C)C)cc2)cc1)C(C)C,DB09296,Ombitasvir
Brc1c(NC2=NCCN2)ccc2nccnc12,DB00484,Brimonidine
Cn1c(=O)c2[nH]cnc2n(C)c1=O,DB00277,Theophylline
CCN1C(=O)N(c2c(F)c(OC)cc(OC)c2F)Cc2cnc3[nH]c(CN4CCOCC4)cc3c21,DB15102,Pemigatinib
CC(=O)NCCCS(=O)(=O)O,DB00659,Acamprosate
CC(=O)O[C@@]12CO[C@@H]1C[C@H](O)[C@@]1(C)C(=O)[C@H](O)C3=C(C)[C@@H](OC(=O)[C@H](O)[C@@H](NC(=O)OC(C)(C)C)c4ccccc4)C[C@@](O)([C@@H](OC(=O)c4ccccc4)[C@@H]12)C3(C)C,DB01248,Docetaxel
CC(=O)O[C@H]1C(=O)[C@]2(C)[C@@H](O)C[C@H]3OC[C@@]3(OC(C)=O)[C@H]2[C@H](OC(=O)c2ccccc2)[C@]2(O)C[C@H](OC(=O)[C@H](O)[C@@H](NC(=O)c3ccccc3)c3ccccc3)C(C)=C1C2(C)C,DB01229,Paclitaxel
COc1cc2c(cc1OC)CC(=O)N(CCCN(C)C[C@H]1Cc3cc(OC)c(OC)cc31)CC2,DB09083,Ivabradine
CC(Oc1c(Cl)cccc1Cl)C1=NCCN1,DB04948,Lofexidine
CCOC(=O)[C@H](C)C[C@@H](Cc1ccc(-c2ccccc2)cc1)NC(=O)CCC(=O)O,DB09292,Sacubitril
O=C(O)CCNC(=O)c1ccc(/N=N/c2ccc(O)c(C(=O)O)c2)cc1,DB01014,Balsalazide
CC(=O)N1CCN(c2ccc(OC[C@@H]3CO[C@@](Cn4ccnc4)(c4ccc(Cl)cc4Cl)O3)cc2)CC1,DB05667,Levoketoconazole
[Cl-].[Cl-].[Zn+2],DB14533,Zinc chloride
OCCN1CCN(CC/C=C2/c3ccccc3Sc3ccc(C(F)(F)F)cc32)CC1,DB00875,Flupentixol
COc1ccc2[nH]c3c(c2c1)CCN[C@]31CS[C@@H]2c3c(OC(C)=O)c(C)c4c(c3[C@H](COC1=O)N1[C@@H](O)[C@@H]3Cc5cc(C)c(OC)c(O)c5[C@H]([C@H]21)N3C)OCO4,DB12674,Lurbinectedin
CCC(=O)OCC(=O)[C@@]1(OC(=O)CC)[C@@H](C)C[C@H]2[C@@H]3CCC4=CC(=O)C=C[C@]4(C)[C@@]3(Cl)[C@@H](O)C[C@@]21C,DB00394,Beclomethasone dipropionate
[Fe+2].[Fe+3].[Fe+3].[O-2].[O-2].[O-2].[O-2],DB06215,Ferumoxytol
Cc1ccccc1N1C(=O)c2cc(S(N)(=O)=O)c(Cl)cc2NC1C,DB00524,Metolazone
CC(NC(C)(C)C)C(=O)c1cccc(Cl)c1,DB01156,Bupropion
CC(C)OC(=O)[C@H](C)N[P@](=O)(OC[C@H]1O[C@@H](n2ccc(=O)[nH]c2=O)[C@](C)(F)[C@@H]1O)Oc1ccccc1,DB08934,Sofosbuvir
O=C1CCC(N2C(=O)c3ccccc3C2=O)C(=O)N1,DB01041,Thalidomide
CC1=NN(c2ccc(C)c(C)c2)C(=O)/C1=N\Nc1cccc(-c2cccc(C(=O)O)c2)c1O,DB06210,Eltrombopag
CC[C@H]1[C@@H](C(=O)N[C@]2(C(=O)NS(=O)(=O)C3(C)CC3)C[C@H]2C(F)F)N2C[C@@H]1Oc1nc3cc(OC)ccc3nc1C(F)(F)CCCC[C@@H]1C[C@H]1OC(=O)N[C@@H](C(C)(C)C)C2=O,DB12026,Voxilaprevir
CC(C)OC(=O)C(C)(C)Oc1ccc(C(=O)c2ccc(Cl)cc2)cc1,DB01039,Fenofibrate
OC[C@H]1O[C@](O)(CO)[C@@H](O)[C@@H]1O[C@@H]1O[C@H](CO)[C@H](O)[C@H](O)[C@H]1O,DB00581,Lactulose
COC(=O)N[C@H](C(=O)N1CC2(CC2)C[C@H]1c1nc(-c2ccc3c(c2)C(F)(F)c2cc(-c4ccc5[nH]c([C@@H]6[C@H]7CC[C@H](C7)N6C(=O)[C@@H](NC(=O)OC)C(C)C)nc5c4)ccc2-3)c[nH]1)C(C)C,DB09027,Ledipasvir
COc1cc(C(=O)NS(=O)(=O)c2ccccc2C)ccc1Cc1cn(C)c2ccc(NC(=O)OC3CCCC3)cc12,DB00549,Zafirlukast
CCN(CC)C(=S)SSC(=S)N(CC)CC,DB00822,Disulfiram
COC(=O)N[C@H](C(=O)N1CCC[C@H]1c1nc2cc([C@H]3CC[C@H](c4cc5nc([C@@H]6CCCN6C(=O)[C@@H](NC(=O)OC)[C@@H](C)OC)[nH]c5cc4F)N3c3cc(F)c(N4CCC(c5ccc(F)cc5)CC4)c(F)c3)c(F)cc2[nH]1)[C@@H](C)OC,DB13878,Pibrentasvir
COC(=O)C1=C(C)NC(C)=C(C(=O)OC)C1c1ccccc1[N+](=O)[O-],DB01115,Nifedipine
CCOC(=O)[C@H](CCc1ccccc1)N[C@H]1CCc2ccccc2N(CC(=O)O)C1=O,DB00542,Benazepril
CC(C)(C)[C@@H]1NC(=O)O[C@@H]2CCC[C@H]2OC/C=C/C(F)(F)c2nc3ccccc3nc2O[C@@H]2C[C@@H](C(=O)N[C@]3(C(=O)NS(=O)(=O)C4(C)CC4)C[C@H]3C(F)F)N(C2)C1=O,DB13879,Glecaprevir
CC(C)(C)NCC(O)COc1cccc2c1CCC(=O)N2,DB00521,Carteolol
O=C1C(CCS(=O)c2ccccc2)C(=O)N(c2ccccc2)N1c1ccccc1,DB01138,Sulfinpyrazone
COc1cc([C@@H]2c3cc4c(cc3[C@@H](O[C@@H]3O[C@@H]5CO[C@@H](C)O[C@H]5[C@H](O)[C@H]3O)[C@H]3COC(=O)[C@H]23)OCO4)cc(OC)c1O,DB00773,Etoposide
CC(=O)/N=c1/sc(S(N)(=O)=O)nn1C,DB00703,Methazolamide
CC[C@@H]1CN(C(=O)NCC(F)(F)F)C[C@@H]1c1cnc2cnc3[nH]ccc3n12,DB15091,Upadacitinib
CCC(=O)N1CC[C@H](Nc2ncnc3c2CN(c2cnc(OC)c(C(F)(F)F)c2)CC3)C1,DB16217,Leniolisib
II,DB05382,Iodine
O=[N+]([O-])OCC(CO[N+](=O)[O-])O[N+](=O)[O-],DB00727,Nitroglycerin
N#Cc1ccc([C@H]2CCc3cncn32)c(F)c1,DB11837,Osilodrostat
O=C1c2c(O)ccc(O)c2C(=O)c2c(NCCNCCO)ccc(NCCNCCO)c21,DB01204,Mitoxantrone
CCCc1nc(C(C)(C)O)c(C(=O)O)n1Cc1ccc(-c2ccccc2-c2nnn[nH]2)cc1,DB00275,Olmesartan
CCN1CCCC1CNC(=O)c1cc(S(=O)(=O)CC)c(N)cc1OC,DB06288,Amisulpride
CC(C)C[C@H](NC(=O)[C@@H](Cc1c[nH]c2ccccc12)NC(=O)[C@H](Cc1ccc(O)cc1)NC(=O)[C@H](CO)NC(=O)[C@H](Cc1c[nH]c2ccccc12)NC(=O)[C@H](Cc1c[nH]cn1)NC(=O)[C@@H]1CCC(=O)N1)C(=O)N[C@@H](CCCNC(=N)N)C(=O)N1CCC[C@H]1C(=O)NCC(N)=O,DB06825,Triptorelin
CO/N=C1\CN(c2nc3c(cc2F)c(=O)c(C(=O)O)cn3C2CC2)CC1CN,DB01155,Gemifloxacin
CC1(C)O[C@]2(C)CC[C@H]1CC2,DB03852,Eucalyptol
COC(=O)C1=C(C)NC(C)=C(C(=O)OCCN(C)Cc2ccccc2)C1c1cccc([N+](=O)[O-])c1,DB00622,Nicardipine
C=C1/C(=C\C=C2/CCC[C@@]3(C)[C@H]2CC[C@@H]3[C@H](C)CCCC(C)(C)O)C[C@@H](O)C[C@@H]1O,DB00136,Calcitriol
CC(c1cc2ccccc2s1)N(O)C(N)=O,DB00744,Zileuton
CC(=O)Nc1nnc(S(N)(=O)=O)s1,DB00819,Acetazolamide
Cc1cnc(C(=O)N[C@H]2CCCCC/C=C\[C@@H]3C[C@@]3(C(=O)NS(=O)(=O)C3CC3)NC(=O)[C@@H]3C[C@@H](Oc4nc5ccccc5c5ccccc45)CN3C2=O)cn1,DB09297,Paritaprevir
CN[C@H]1CC[C@@H](c2ccc(Cl)c(Cl)c2)c2ccccc21,DB01104,Sertraline
C=CC1=C(C(=O)O)N2C(=O)[C@@H](NC(=O)/C(=N\OCC(=O)O)c3csc(N)n3)[C@H]2SC1,DB00671,Cefixime
CC(C)(C)NC[C@H](O)COc1cccc2c1CCCC2=O,DB01210,Levobunolol
[Zn],DB01593,Zinc
CC(=O)[O-].CC(=O)[O-].[Zn+2],DB14487,Zinc acetate
NCC1(CC(=O)O)CCCCC1,DB00996,Gabapentin
CCC(C)CCCCC(=O)NC(CCNCS(=O)(=O)[O-])C(=O)NC(C(=O)NC(CCNCS(=O)(=O)[O-])C(=O)NC1CCNC(=O)C(C(C)O)NC(=O)C(CCNCS(=O)(=O)[O-])NC(=O)C(CCNCS(=O)(=O)[O-])NC(=O)C(CC(C)C)NC(=O)C(CC(C)C)NC(=O)C(CCNCS(=O)(=O)[O-])NC1=O)C(C)O,DB01111,Colistimethate
CCN1CC(CCN2CCOCC2)C(c2ccccc2)(c2ccccc2)C1=O,DB00561,Doxapram
O=C([O-])CN(CCN(CC(=O)[O-])CC(=O)[O-])CC(=O)[O-].[Ca+2].[Na+].[Na+],DB14598,Edetate calcium disodium anhydrous
CN(Cc1cnc2nc(=N)[nH]c(N)c2n1)c1ccc(C(=O)N[C@@H](CCC(=O)O)C(=O)O)cc1,DB00563,Methotrexate
NC(=O)C1=CN([C@@H]2O[C@H](CO[P@@](=O)(O)O[P@@](=O)(O)OC[C@H]3O[C@@H](n4cnc5c(N)ncnc54)[C@H](O)[C@@H]3O)[C@@H](O)[C@H]2O)C=CC1,DB00157,NADH
O=C([O-])[C@H](O)[C@@H](O)[C@H](O)[C@H](O)CO.O=C([O-])[C@H](O)[C@@H](O)[C@H](O)[C@H](O)CO.[Ca+2],DB11126,Calcium gluconate
CCOc1ccc(Cc2cc([C@@H]3O[C@H](CO)[C@@H](O)[C@H](O)[C@H]3O)ccc2Cl)cc1,DB06292,Dapagliflozin
CC[C@H](C)[C@H](NC(=O)[C@H](Cc1ccccc1)NC(=O)[C@H](CCC(=O)O)NC(=O)[C@H](CCCCNC(=O)COCCOCCNC(=O)COCCOCCNC(=O)CC[C@@H](NC(=O)CCCCCCCCCCCCCCCCC(=O)O)C(=O)O)NC(=O)[C@H](C)NC(=O)[C@H](C)NC(=O)[C@H](CCC(N)=O)NC(=O)CNC(=O)[C@H](CCC(=O)O)NC(=O)[C@H](CC(C)C)NC(=O)[C@H](Cc1ccc(O)cc1)NC(=O)[C@H](CO)NC(=O)[C@H](CO)NC(=O)[C@@H](NC(=O)[C@H](CC(=O)O)NC(=O)[C@H](CO)NC(=O)[C@@H](NC(=O)[C@H](Cc1ccccc1)NC(=O)[C@@H](NC(=O)CNC(=O)[C@H](CCC(=O)O)NC(=O)C(C)(C)NC(=O)[C@@H](N)Cc1cnc[nH]1)[C@@H](C)O)[C@@H](C)O)C(C)C)C(=O)N[C@@H](C)C(=O)N[C@@H](Cc1c[nH]c2ccccc12)C(=O)N[C@@H](CC(C)C)C(=O)N[C@H](C(=O)N[C@@H](CCCNC(=N)N)C(=O)NCC(=O)N[C@@H](CCCNC(=N)N)C(=O)NCC(=O)O)C(C)C,DB13928,Semaglutide
CCOP(=O)(OCC)SCC[N+](C)(C)C,DB01057,Echothiophate
O=C(O)CN(CCN(CC(=O)O)CC(=O)O)CC(=O)O,DB00974,Edetic acid
C[C@H]1CN(C(=O)CC#N)[C@]12CCN(c1ncnc3[nH]ccc13)C2,DB16133,Delgocitinib
C[N+]1(C)[C@H]2C[C@H](OC(=O)C(O)(c3cccs3)c3cccs3)C[C@@H]1[C@H]1O[C@@H]21,DB01409,Tiotropium
CCN(CC)Cc1ccc2cc(COC(=O)Nc3ccc(C(=O)NO)cc3)ccc2c1,DB12645,Givinostat
Cc1nc(NC(=O)N2CCC[C@H]2C(N)=O)sc1-c1ccnc(C(C)(C)C(F)(F)F)c1,DB12015,Alpelisib
NC[C@@H]1O[C@H](O[C@@H]2[C@@H](CO)O[C@@H](O[C@@H]3[C@@H](O)[C@H](N)C[C@H](N)[C@H]3O[C@H]3O[C@H](CO)[C@@H](O)[C@H](O)[C@H]3N)[C@@H]2O)[C@H](N)[C@@H](O)[C@@H]1O,DB01421,Paromomycin
COc1c(N2C[C@@H]3CCCN[C@@H]3C2)c(F)cc2c(=O)c(C(=O)O)cn(C3CC3)c12,DB00218,Moxifloxacin
O=C(Nc1c(Cl)cncc1Cl)c1ccc(OC(F)F)c(OCC2CC2)c1,DB01656,Roflumilast
COc1c(-c2ccc3cc(NS(C)(=O)=O)ccc3c2)cc(-n2ccc(=O)[nH]c2=O)cc1C(C)(C)C,DB09183,Dasabuvir
C[C@H](CCC(=O)O)[C@H]1CC[C@H]2[C@@H]3C(=O)C[C@@H]4CC(=O)CC[C@]4(C)[C@H]3CC(=O)[C@@]21C,DB11622,Dehydrocholic acid
CCN(C)[C@@H](C)[C@H](O)c1ccccc1,DB11587,Etafedrine
NS(=O)(=O)Nc1ncnc(OCCOc2ncc(Br)cn2)c1-c1ccc(Br)cc1,DB15059,Aprocitentan
NS(=O)(=O)c1cc(Cl)c(Cl)c(S(N)(=O)=O)c1,DB01144,Diclofenamide
O=C(O)Cc1cc(I)c(Oc2ccc(O)c(I)c2)c(I)c1,DB03604,Tiratricol
NCCc1ccc(O)c(O)c1,DB00988,Dopamine
C[C@@H](NCCCc1cccc(C(F)(F)F)c1)c1cccc2ccccc12,DB01012,Cinacalcet
C[C@](N)(Cc1ccc(O)cc1)C(=O)O,DB00765,Metyrosine
CC1(C)OC[C@@H](COC(=O)CCc2ccc(OC[C@@H](O)CNCCNC(=O)N3CCOCC3)cc2)O1,DB12212,Landiolol
CCO,DB00898,Ethanol
O=S1(=O)CCN(CN2CCS(=O)(=O)NC2)CN1,DB12473,Taurolidine
O=C(O)COCCN1CCN([C@H](c2ccccc2)c2ccc(Cl)cc2)CC1,DB06282,Levocetirizine
CC(C(=O)O)c1cccc(C(=O)c2ccccc2)c1,DB01009,Ketoprofen
N[C@@H](Cc1ccc(O)cc1)C(=O)O,DB00135,Tyrosine
CCO[C@H](COc1ccc(C(F)(F)F)cc1)CSc1ccc(OCC(=O)O)c(C)c1,DB12390,Seladelpar
Nc1ccc(O)c(C(=O)O)c1,DB00244,Mesalazine
Clc1ccc2c(c1)CCc1cccnc1C2=C1CCNCC1,DB00967,Desloratadine
CC(C)(C)C(=O)OCOP(=O)(COCCn1cnc2c(N)ncnc21)OCOC(=O)C(C)(C)C,DB00718,Adefovir dipivoxil
Cc1ccc(=O)n(-c2ccccc2)c1,DB04951,Pirfenidone
CCOCCn1c(C2CCN(CCc3ccc(C(C)(C)C(=O)O)cc3)CC2)nc2ccccc21,DB11591,Bilastine
NC(=O)N[C@@H](CCC(=O)O)C(=O)O,DB06775,Carglumic acid
C=C1[C@@H](n2cnc3c(=O)nc(N)[nH]c32)C[C@H](O)[C@H]1CO,DB00442,Entecavir
CC(=O)CCCCn1c(=O)c2c(ncn2C)n(C)c1=O,DB00806,Pentoxifylline
CNCC[C@H](Oc1cccc2ccccc12)c1cccs1,DB00476,Duloxetine
CCOc1ccc(Cc2cc([C@@H]3O[C@H](SC)[C@@H](O)[C@H](O)[C@H]3O)ccc2Cl)cc1,DB12713,Sotagliflozin
C[C@H]1CN(C[C@H](Cc2ccccc2)C(=O)NCC(=O)O)CC[C@@]1(C)c1cccc(O)c1,DB06274,Alvimopan
COc1cccc2c1C(=O)c1c(O)c3c(c(O)c1C2=O)C[C@@](O)(C(=O)CO)C[C@@H]3O[C@H]1C[C@H](N)[C@H](O)[C@H](C)O1,DB00997,Doxorubicin
Cc1ccc(Cl)c(Nc2ccccc2C(=O)O)c1Cl,DB00939,Meclofenamic acid
CC(C)[N+]1(C)[C@H]2CC[C@@H]1C[C@H](OC(=O)C(CO)c1ccccc1)C2,DB00332,Ipratropium
CC1(C)O[C@@H]2CO[C@@]3(COS(N)(=O)=O)OC(C)(C)O[C@H]3[C@@H]2O1,DB00273,Topiramate
[Ag],DB12965,Silver
O=C(CCCc1ccccc1)OCC(COC(=O)CCCc1ccccc1)OC(=O)CCCc1ccccc1,DB08909,Glycerol phenylbutyrate
CCCCOC(=O)c1ccc(N)cc1,DB11148,Butamben
Cn1cc(-c2cc3c(N4CCN(c5ncc([C@@](C)(N)c6ccc(F)cc6)cn5)CC4)ncnn3c2)cn1,DB15233,Avapritinib
OCc1cc([C@@H](O)CNCCCCCCOCCOCc2c(Cl)cccc2Cl)ccc1O,DB09082,Vilanterol
C=C[C@@H]1C[C@]1(NC(=O)[C@@H]1C[C@@H](Oc2ncc(OC)c3ccc(Cl)cc23)CN1C(=O)[C@@H](NC(=O)OC(C)(C)C)C(C)(C)C)C(=O)NS(=O)(=O)C1CC1,DB11586,Asunaprevir
OC[C@H]1O[C@@H](c2ccc(Cl)c(Cc3ccc(O[C@H]4CCOC4)cc3)c2)[C@H](O)[C@@H](O)[C@@H]1O,DB09038,Empagliflozin
CCCN(CCC)S(=O)(=O)c1ccc(C(=O)O)cc1,DB01032,Probenecid
CO/N=C(\C(=O)N[C@@H]1C(=O)N2C(C(=O)O)=C(/C=C\c3scnc3C)CS[C@H]12)c1csc(N)n1,DB01066,Cefditoren
COC(=O)N[C@@H](C)CNc1nccc(-c2cn(C(C)C)nc2-c2cc(Cl)cc(NS(C)(=O)=O)c2F)n1,DB11718,Encorafenib
COC(=O)Nc1c(N)nc(-c2nn(Cc3ccccc3F)c3ncc(F)cc23)nc1N,DB15456,Vericiguat
Nc1ccn([C@@H]2CS[C@H](CO)O2)c(=O)n1,DB00709,Lamivudine
Cc1[nH]cnc1CN1CCc2c(c3ccccc3n2C)C1=O,DB00969,Alosetron
CN1CCC(=C2c3ccccc3CC(=O)c3sccc32)CC1,DB00920,Ketotifen
CC(C)C[C@H](NC(=O)[C@H](Cc1ccccc1)NC(=O)c1cnccn1)B(O)O,DB00188,Bortezomib
[18F]c1ccc(-c2ccc3c(c2)[nH]c2ccncc23)cn1,DB14914,Flortaucipir F-18
NS(=O)(=O)c1cc2c(cc1Cl)NCNS2(=O)=O,DB00999,Hydrochlorothiazide
O=C(OC[C@H]1OC(OC(=O)c2cc(O)c(O)c(OC(=O)c3cc(O)c(O)c(O)c3)c2)[C@H](OC(=O)c2cc(O)c(O)c(OC(=O)c3cc(O)c(O)c(O)c3)c2)[C@@H](OC(=O)c2cc(O)c(O)c(OC(=O)c3cc(O)c(O)c(O)c3)c2)[C@@H]1OC(=O)c1cc(O)c(O)c(OC(=O)c2cc(O)c(O)c(O)c2)c1)c1cc(O)c(O)c(OC(=O)c2cc(O)c(O)c(O)c2)c1,DB09372,Tannic acid
CC(C)NCC(O)COc1ccc(COCCOC(C)C)cc1,DB00612,Bisoprolol
CN1CC[C@]23c4c5ccc(O)c4O[C@H]2[C@@H](O)C=C[C@H]3[C@H]1C5,DB00295,Morphine
Cc1cnc(C(=O)NCCc2ccc(S(=O)(=O)NC(=O)NC3CCCCC3)cc2)cn1,DB01067,Glipizide
C=C1CC[C@H](O)C/C1=C/C=C1\CCC[C@@]2(C)[C@H]1CC[C@@H]2[C@H](C)CCCC(C)(C)O,DB00146,Calcifediol
O=C(Cc1ccc(-c2ccc(OCCN3CCOCC3)cc2)cn1)NCc1ccccc1,DB06137,Tirbanibulin
CC(N)Cc1ccccc1,DB00182,Amphetamine
CCOC(=O)C1=C(COCCN)NC(C)=C(C(=O)OC)C1c1ccccc1Cl,DB00381,Amlodipine
COCCCN1CCC(NC(=O)c2cc(Cl)c(N)c3c2OCC3)CC1,DB06480,Prucalopride
CCCCCCOC(=O)c1ccccc1C(=O)c1ccc(N(CC)CC)cc1O,DB11269,Diethylamino hydroxybenzoyl hexyl benzoate
CCC(=O)N(c1ccccc1)C1CCN(CCc2ccccc2)CC1,DB00813,Fentanyl
CC(C)OC(=O)[C@H](C)N[P@](=O)(CO[C@H](C)Cn1cnc2c(N)ncnc21)Oc1ccccc1,DB09299,Tenofovir alafenamide
CC(=O)N[C@@H](CCCN=C(N)N)C(=O)N[C@H]1CSSC[C@@H](C(N)=O)NC(=O)[C@H](Cc2c[nH]c3ccccc23)NC(=O)[C@H](CCCN=C(N)N)NC(=O)[C@@H](Cc2ccccc2)NC(=O)[C@H](Cc2cnc[nH]2)NC(=O)[C@@H](C)NC1=O,DB11700,Setmelanotide
COc1cc2nc(N3CCN(C(=O)c4ccco4)CC3)nc(N)c2cc1OC,DB00457,Prazosin
Cc1oncc1C(=O)Nc1ccc(C(F)(F)F)cc1,DB01097,Leflunomide
COc1cc(/C=C/C(=O)CC(=O)/C=C/c2ccc(O)c(OC)c2)ccc1O,DB11672,Curcumin
CC1(C)[C@@H](O[C@H]2O[C@H](C(=O)O)[C@@H](O)[C@H](O)[C@H]2O[C@@H]2O[C@H](C(=O)O)[C@@H](O)[C@H](O)[C@H]2O)CC[C@@]2(C)[C@H]1CC[C@]1(C)[C@@H]2C(=O)C=C2[C@@H]3C[C@@](C)(C(=O)O)CC[C@]3(C)CC[C@]21C,DB13751,Glycyrrhizic acid
COc1ccc2c3c1O[C@H]1[C@@H](O)CC[C@H]4[C@@H](C2)N(C)CC[C@]314,DB01551,Dihydrocodeine
O=C(O)COCCN1CCN(C(c2ccccc2)c2ccc(Cl)cc2)CC1,DB00341,Cetirizine
O=C(O)Cc1ccccc1Nc1c(Cl)cccc1Cl,DB00586,Diclofenac
CCCOC(C(=O)OC1CCN(C)CC1)(c1ccccc1)c1ccccc1,DB12278,Propiverine
CC[C@H](C)[C@H](N)C1=N[C@H](C(=O)N[C@@H](CC(C)C)C(=O)N[C@H](CCC(=O)O)C(=O)N[C@H](C(=O)N[C@H]2CCCCNC(=O)[C@H](CC(N)=O)NC(=O)[C@@H](CC(=O)O)NC(=O)[C@H](Cc3c[nH]cn3)NC(=O)[C@@H](Cc3ccccc3)NC(=O)[C@H]([C@@H](C)CC)NC(=O)[C@@H](CCCN)NC2=O)[C@@H](C)CC)CS1,DB00626,Bacitracin
OC[C@H](O)[C@@H](O)[C@H](O)[C@H](O)CO[C@H]1O[C@H](CO[C@H]2O[C@H](CO)[C@@H](O)[C@H](O)[C@H]2O)[C@@H](O)[C@H](O)[C@H]1O.[Fe+3],DB15617,Ferric derisomaltose
CCn1cc(C(=O)O)c(=O)c2cc(F)c(N3CCNC(C)C3)c(F)c21,DB00978,Lomefloxacin
NC(=O)CC[C@H](N)C(=O)O,DB00130,L-Glutamine
COC(=O)/C=C/C(=O)OCCN1C(=O)CCC1=O,DB14783,Diroximel fumarate
CC[C@@H]1[C@@H]2C[C@H](O)CC[C@]2(C)[C@H]2CC[C@@]3(C)[C@@H](CC[C@@H]3[C@H](C)CCC(=O)O)[C@@H]2[C@@H]1O,DB05990,Obeticholic acid
NC[C@H]1O[C@H](O[C@@H]2[C@@H](N)C[C@@H](N)[C@H](O[C@H]3O[C@H](CO)[C@@H](O)[C@H](N)[C@H]3O)[C@H]2O)[C@H](N)C[C@@H]1O,DB00684,Tobramycin
NS(=O)(=O)c1cc(C2(O)NC(=O)c3ccccc32)ccc1Cl,DB00310,Chlorthalidone
CC1=C(CC(=O)O)c2cc(F)ccc2/C1=C\c1ccc(S(C)=O)cc1,DB00605,Sulindac
CC(=O)N(c1onc(C)c1C)S(=O)(=O)c1ccc(N)cc1,DB14033,Acetyl sulfisoxazole
C=CC1=C(C(=O)O)N2C(=O)[C@@H](NC(=O)/C(=N\O)c3csc(N)n3)[C@H]2SC1,DB00535,Cefdinir
CC(C)(C(=O)O)c1ccc(C(O)CCCN2CCC(C(O)(c3ccccc3)c3ccccc3)CC2)cc1,DB00950,Fexofenadine
CC1(C)O[C@@H]2C[C@H]3[C@@H]4C[C@H](F)C5=CC(=O)C=C[C@]5(C)[C@@]4(F)[C@@H](O)C[C@]3(C)[C@]2(C(=O)CO)O1,DB00591,Fluocinolone acetonide
COC(=O)c1ccc2c(c1)NC(=O)/C2=C(\Nc1ccc(N(C)C(=O)CN2CCN(C)CC2)cc1)c1ccccc1,DB09079,Nintedanib
Cc1ccc(-c2nc3ccc(C)cn3c2CC(=O)N(C)C)cc1,DB00425,Zolpidem
Clc1ccc2c(c1)C(N1CCNCC1)=Nc1ccccc1O2,DB00543,Amoxapine
N#CC(CCN1CCC(C(=O)O)(c2ccccc2)CC1)(c1ccccc1)c1ccccc1,DB01501,Difenoxin
CNCCCC1c2ccccc2C=Cc2ccccc21,DB00344,Protriptyline
C#CCN(c1nc(-c2cc(C)c(OC)cc2Cl)c(C)s1)[C@@H](CC1CC1)c1ccc(C)c(F)c1,DB18518,Crinecerfont
CCc1cc(/C(C)=N/OCc2ccc(C3CCCCC3)c(C(F)(F)F)c2)ccc1CN1CC(C(=O)O)C1,DB12371,Siponimod
CC(C)Oc1ccc(-c2nc(-c3cccc4c3CC[C@@H]4NCCO)no2)cc1C#N,DB12612,Ozanimod
O.O.O=C([O-])[C@H](O)[C@@H](O)[C@H](O)[C@H](O)CO.O=C([O-])[C@H](O)[C@@H](O)[C@H](O)[C@H](O)CO.[Mg+2],DB13749,Magnesium gluconate
C[C@H]1O[C@@H](O[C@H]2[C@@H](O)C[C@H](O[C@H]3[C@@H](O)C[C@H](O[C@H]4CC[C@]5(C)[C@H]6C[C@@H](O)[C@]7(C)[C@@H](C8=CC(=O)OC8)CC[C@]7(O)[C@@H]6CC[C@@H]5C4)O[C@@H]3C)O[C@@H]2C)C[C@H](O)[C@@H]1O,DB00390,Digoxin
Cc1cc(NS(=O)(=O)c2ccc(N)cc2)no1,DB01015,Sulfamethoxazole
OCCOCCN1CCN(C(c2ccccc2)c2ccc(Cl)cc2)CC1,DB00557,Hydroxyzine
Clc1ccccc1C(c1ccccc1)(c1ccccc1)n1ccnc1,DB00257,Clotrimazole
COc1ccc2c(c1)c(CC(=O)O)c(C)n2C(=O)c1ccc(Cl)cc1,DB00328,Indomethacin
O=C(O)c1cn(C2CC2)c2cc(N3CCNCC3)c(F)cc2c1=O,DB00537,Ciprofloxacin
CN(C)CCCN1c2ccccc2CCc2ccccc21,DB00458,Imipramine
O=P([O-])([O-])OP(=O)([O-])[O-].O=P([O-])([O-])OP(=O)([O-])[O-].O=P([O-])([O-])OP(=O)([O-])[O-].[Fe+3].[Fe+3].[Fe+3].[Fe+3],DB09147,Ferric pyrophosphate
C=C1CC[C@H](O)C/C1=C/C=C1\CCC[C@@]2(C)[C@H]1CC[C@@H]2[C@H](C)CCCC(C)C,DB00169,Cholecalciferol
O=C([O-])CC(O)(CC(=O)[O-])C(=O)[O-].O=C([O-])CC(O)(CC(=O)[O-])C(=O)[O-].O=C([O-])CC(O)(CC(=O)[O-])C(=O)[O-].O=P(O)(O)OP(=O)(O)O.O=P(O)(O)OP(=O)(O)O.O=P([O-])([O-])OP(=O)([O-])O.[Fe+3].[Fe+3].[Fe+3].[Fe+3],DB13995,Ferric pyrophosphate citrate
CN1CC[C@]23c4c5ccc(O)c4O[C@H]2C(=O)CC[C@H]3[C@H]1C5,DB00327,Hydromorphone
CN1CCN(C2=Nc3cc(Cl)ccc3Nc3ccccc32)CC1,DB00363,Clozapine
CCC(C)n1ncn(-c2ccc(N3CCN(c4ccc(OC[C@H]5CO[C@](Cn6cncn6)(c6ccc(Cl)cc6Cl)O5)cc4)CC3)cc2)c1=O,DB01167,Itraconazole
CC(C)(C)NC(=O)[C@H]1CC[C@H]2[C@@H]3CC[C@H]4NC(=O)C=C[C@]4(C)[C@H]3CC[C@]12C,DB01216,Finasteride
COc1ccc(CCN(C)CCCC(C#N)(c2ccc(OC)c(OC)c2)C(C)C)cc1OC,DB00661,Verapamil
C[C@@H]1NC(=O)[C@@H]2CCCN2C(=O)[C@H](CC(N)=O)NC(=O)[C@@H]2CSSC[C@H](N)C(=O)N[C@H]3CSSC[C@H](NC1=O)C(=O)N[C@@H]([C@@H](C)O)C(=O)NCC(=O)N[C@H](C(=O)N[C@@H](Cc1ccc(O)cc1)C(=O)O)CSSC[C@H](NC(=O)[C@H](Cc1ccc(O)cc1)NC(=O)[C@H](CCC(=O)O)NC3=O)C(=O)N2,DB08890,Linaclotide
CCCC(CCC)C(=O)O,DB00313,Valproic acid
O=C(Nc1nc2cccc(-c3ccc(CN4CCS(=O)(=O)CC4)cc3)n2n1)C1CC1,DB14845,Filgotinib
CCCS(=O)(=O)N[C@H]1C[C@@H](N(C)c2ncnc3[nH]ccc23)C1,DB14973,Abrocitinib
CN(C)CCC=C1c2ccccc2CCc2ccccc21,DB00321,Amitriptyline
C[C@@H]1C[C@H]2[C@@H]3C[C@H](F)C4=CC(=O)C=C[C@]4(C)[C@@]3(F)[C@@H](O)C[C@]2(C)[C@@]1(OC(=O)c1ccco1)C(=O)SCF,DB08906,Fluticasone furoate
CC(C)OC(=O)OCOP(=O)(CO[C@H](C)Cn1cnc2c(N)ncnc21)OCOC(=O)OC(C)C,DB00300,Tenofovir disoproxil
COc1cc(Cc2cnc(N)nc2N)cc(OC)c1OC,DB00440,Trimethoprim
C[C@H]1COc2c(N3CCN(C)CC3)c(F)cc3c(=O)c(C(=O)O)cn1c23,DB01137,Levofloxacin
NS(=O)(=O)c1cc(C(=O)O)c(NCc2ccco2)cc1Cl,DB00695,Furosemide
C[C@@H]1C[C@H]2[C@@H]3CCC4=CC(=O)C=C[C@]4(C)[C@@]3(Cl)[C@@H](O)C[C@]2(C)[C@@]1(OC(=O)c1ccco1)C(=O)CCl,DB14512,Mometasone furoate
Clc1ccc(CCCOCCCN2CCCCC2)cc1,DB11642,Pitolisant
CN(C)CCC=C1c2ccccc2COc2ccccc21,DB01142,Doxepin
O=C(NC[C@H]1CN(c2ccc(N3CCOCC3=O)cc2)C(=O)O1)c1ccc(Cl)s1,DB06228,Rivaroxaban
CC(=O)O[C@H](CC(=O)[O-])C[N+](C)(C)C,DB08842,Acetylcarnitine
O=C(O)C[C@H](O)C[C@H](O)/C=C/c1c(C2CC2)nc2ccccc2c1-c1ccc(F)cc1,DB08860,Pitavastatin
CC(C)(N)C(=O)N[C@H](Cc1c[nH]c2ccccc12)C(=O)N[C@H](Cc1c[nH]c2ccccc12)NC=O,DB13074,Macimorelin
CCCCCCCCCCCC(=O)OCN1C(=O)CCc2ccc(OCCCCN3CCN(c4cccc(Cl)c4Cl)CC3)cc21,DB14185,Aripiprazole lauroxil
CON(C)Cc1ccc(O)c2c1C[C@H]1C[C@H]3[C@H](N(C)C)C(O)=C(C(N)=O)C(=O)[C@@]3(O)C(O)=C1C2=O,DB12035,Sarecycline
CC[C@H]1OC(=O)[C@H](C)[C@@H](O[C@H]2C[C@@](C)(OC)[C@@H](O)[C@H](C)O2)[C@H](C)[C@@H](O[C@@H]2O[C@H](C)C[C@H](N(C)C)[C@H]2O)[C@](C)(OC)C[C@@H](C)C(=O)[C@H](C)[C@@H](O)[C@]1(C)O,DB01211,Clarithromycin
CC(C)c1nc(N(C)S(C)(=O)=O)nc(-c2ccc(F)cc2)c1/C=C/[C@@H](O)C[C@@H](O)CC(=O)O,DB01098,Rosuvastatin
COc1ccnc(CS(=O)c2nc3ccc(OC(F)F)cc3[nH]2)c1OC,DB00213,Pantoprazole
CCOC(=O)C1=C[C@@H](OC(CC)CC)[C@H](NC(C)=O)[C@@H](N)C1,DB00198,Oseltamivir
CCC(C)(C)C(=O)O[C@H]1C[C@@H](C)C=C2C=C[C@H](C)[C@H](CC[C@@H]3C[C@@H](O)CC(=O)O3)[C@H]21,DB00641,Simvastatin
CC(C)c1nc(CN(C)C(=O)N[C@H](C(=O)N[C@@H](Cc2ccccc2)C[C@H](O)[C@H](Cc2ccccc2)NC(=O)OCc2cncs2)C(C)C)cs1,DB00503,Ritonavir
COc1ccc2[nH]c([S@@](=O)Cc3ncc(C)c(OC)c3C)nc2c1,DB00736,Esomeprazole
Cc1cc2c(s1)Nc1ccccc1N=C2N1CCN(C)CC1,DB00334,Olanzapine
C/C=C/C[C@@H](C)[C@@H](O)[C@H]1C(=O)N[C@@H](CC)C(=O)N(C)CC(=O)N(C)[C@@H](CC(C)C)C(=O)N[C@@H](C(C)C)C(=O)N(C)[C@@H](CC(C)C)C(=O)N[C@@H](C)C(=O)N[C@H](C)C(=O)N(C)[C@@H](CC(C)C)C(=O)N(C)[C@@H](CC(C)C)C(=O)N(C)[C@@H](C(C)C)C(=O)N1C,DB00091,Cyclosporine
CC(C)c1c(C(=O)Nc2ccccc2)c(-c2ccccc2)c(-c2ccc(F)cc2)n1CC[C@@H](O)C[C@@H](O)CC(=O)O,DB01076,Atorvastatin
C[C@]12C[C@H](O)[C@@]3(F)[C@@H](CCC4=CC(=O)C=C[C@@]43C)[C@@H]1C[C@@H](O)[C@]2(O)C(=O)CO,DB00620,Triamcinolone
Cc1c(C)c2c(c(C)c1OC(=O)CCC(=O)O)CC[C@@](C)(CCC[C@H](C)CCC[C@H](C)CCCC(C)C)O2,DB14001,alpha-Tocopherol succinate
CC[C@H]1OC(=O)[C@H](C)[C@@H](O[C@H]2C[C@@](C)(OC)[C@@H](O)[C@H](C)O2)[C@H](C)[C@@H](O[C@@H]2O[C@H](C)C[C@H](N(C)C)[C@H]2O)[C@](C)(O)C[C@@H](C)CN(C)[C@H](C)[C@@H](O)[C@]1(C)O,DB00207,Azithromycin
Cc1ncc2n1-c1ccc(Cl)cc1C(c1ccccc1F)=NC2,DB00683,Midazolam
CC(C)Cc1ccc(C(C)C(=O)O)cc1,DB01050,Ibuprofen
CC[C@H](C)C(=O)O[C@H]1C[C@@H](C)C=C2C=C[C@H](C)[C@H](CC[C@@H]3C[C@@H](O)CC(=O)O3)[C@H]21,DB00227,Lovastatin
