O=C1O[C@H]([C@@H](O)CO)C(O)=C1O,DB00126,Ascorbic acid
C=C1/C(=C\C=C2/CCC[C@]3(C)[C@@H]([C@H](C)CCCC(C)(C)O)CC[C@@H]23)C[C@@H](O)C[C@@H]1O,DB00136,Calcitriol
CC(=O)O[C@]1(C(C)=O)CC[C@H]2[C@@H]3C=C(C)C4=CC(=O)CC[C@]4(C)[C@H]3CC[C@@]21C,DB00351,Megestrol acetate
CCC1(c2ccc(N)cc2)CCC(=O)NC1=O,DB00357,Aminoglutethimide
CCCC(C)(COC(N)=O)COC(N)=O,DB00371,Meprobamate
CC(=O)[C@H]1CC[C@H]2[C@@H]3CCC4=CC(=O)CC[C@]4(C)[C@H]3CC[C@]12C,DB00396,Progesterone
CC(=O)S[C@@H]1CC2=CC(=O)CC[C@]2(C)[C@H]2CC[C@@]3(C)[C@@H](CC[C@@]34CCC(=O)O4)[C@H]12,DB00421,Spironolactone
CC(C)C(=O)Nc1ccc([N+](=O)[O-])c(C(F)(F)F)c1,DB00499,Flutamide
CN(C)CCOc1ccc(/C(=C(/CCCl)c2ccccc2)c2ccccc2)cc1,DB00539,Toremifene
CNC(=C[N+](=O)[O-])NCCSCc1csc(CN(C)C)n1,DB00585,Nizatidine
CC1(C)NC(=O)N(c2ccc([N+](=O)[O-])c(C(F)(F)F)c2)C1=O,DB00665,Nilutamide
C[C@]12CC[C@@H]3c4ccc(O)cc4CC[C@H]3[C@@H]1CC[C@@H]2O,DB00783,Estradiol
CC(C)[C@@H]1CC[C@@H](C)C[C@H]1O,DB00825,Levomenthol
CC#C[C@]1(O)CC[C@H]2[C@@H]3CCC4=CC(=O)CCC4=C3[C@@H](c3ccc(N(C)C)cc3)C[C@@]21C,DB00834,Mifepristone
COc1ccc2[nH]cc(CCNC(C)=O)c2c1,DB01065,Melatonin
C[C@]12C=CC(=O)N[C@@H]1CC[C@@H]1[C@@H]2CC[C@]2(C)[C@@H](C(=O)Nc3cc(C(F)(F)F)ccc3C(F)(F)F)CC[C@@H]12,DB01126,Dutasteride
CC(O)(CS(=O)(=O)c1ccc(F)cc1)C(=O)Nc1ccc(C#N)c(C(F)(F)F)c1,DB01128,Bicalutamide
CC(C)(C)NC(=O)[C@H]1CC[C@H]2[C@@H]3CC[C@H]4NC(=O)C=C[C@]4(C)[C@H]3CC[C@]12C,DB01216,Finasteride
CC(=O)O[C@@]12CO[C@@H]1C[C@H](O)[C@@]1(C)C(=O)[C@H](O)C3=C(C)[C@@H](OC(=O)[C@H](O)[C@@H](NC(=O)OC(C)(C)C)c4ccccc4)C[C@@](O)([C@@H](OC(=O)c4ccccc4)[C@H]21)C3(C)C,DB01248,Docetaxel
C[C@]12CCC(=O)C=C1[C@@H]1C[C@@H]1[C@H]1[C@@H]3[C@@H]4C[C@@H]4[C@@]4(CCC(=O)O4)[C@@]3(C)CC[C@@H]12,DB01395,Drospirenone
C[C@]12CC[C@@H]3c4ccc(OS(=O)(=O)O)cc4CC[C@H]3[C@@H]1CCC2=O,DB04574,Estrone sulfate
CC(=O)O[C@]1(C(C)=O)CC[C@H]2[C@@H]3C=C(Cl)C4=CC(=O)[C@@H]5C[C@@H]5[C@]4(C)[C@H]3CC[C@@]21C,DB04839,Cyproterone acetate
C/C(=C\c1csc(C)n1)[C@@H]1C[C@@H]2O[C@]2(C)CCC[C@H](C)[C@H](O)[C@@H](C)C(=O)C(C)(C)[C@@H](O)CC(=O)N1,DB04845,Ixabepilone
COc1cc2c(cc1O)CCN[C@]21CS[C@@H]2c3c(OC(C)=O)c(C)c4c(c3[C@H](COC1=O)N1[C@@H]2[C@H]2c3c(cc(C)c(OC)c3O)C[C@@H]([C@@H]1O)N2C)OCO4,DB05109,Trabectedin
O=P([O-])(O)CN(CCN(CP(=O)([O-])O)CP(=O)(O)O)CP(=O)([O-])O.[153Sm+3],DB05273,Samarium (153Sm) lexidronam
C[C@]12CC[C@H](O)CC1=CC[C@@H]1[C@@H]2CC[C@]2(C)C(c3cccnc3)=CC[C@@H]12,DB05812,Abiraterone
O=C(Cc1ccc(-c2ccc(OCCN3CCOCC3)cc2)cn1)NCc1ccccc1,DB06137,Tirbanibulin
CC(=O)N[C@H](Cc1ccc2ccccc2c1)C(=O)N[C@H](Cc1ccc(Cl)cc1)C(=O)N[C@H](Cc1cccnc1)C(=O)N[C@@H](CO)C(=O)N[C@@H](Cc1ccc(NC(=O)[C@@H]2CC(=O)NC(=O)N2)cc1)C(=O)N[C@H](Cc1ccc(NC(N)=O)cc1)C(=O)N[C@@H](CC(C)C)C(=O)N[C@@H](CCCCNC(C)C)C(=O)N1CCC[C@H]1C(=O)N[C@H](C)C(N)=O,DB06699,Degarelix
CO[C@H]1C(=O)[C@]2(C)[C@@H](OC)C[C@H]3OC[C@@]3(OC(C)=O)[C@H]2[C@H](OC(=O)c2ccccc2)[C@]2(O)C[C@H](OC(=O)[C@H](O)[C@@H](NC(=O)OC(C)(C)C)c3ccccc3)C(C)=C1C2(C)C,DB06772,Cabazitaxel
CC(C)C[C@H](NC(=O)[C@@H](Cc1c[nH]c2ccccc12)NC(=O)[C@H](Cc1ccc(O)cc1)NC(=O)[C@H](CO)NC(=O)[C@H](Cc1c[nH]c2ccccc12)NC(=O)[C@H](Cc1c[nH]cn1)NC(=O)[C@@H]1CCC(=O)N1)C(=O)N[C@@H](CCCNC(=N)N)C(=O)N1CCC[C@H]1C(=O)NCC(N)=O,DB06825,Triptorelin
CNC(=O)c1ccc(N2C(=S)N(c3ccc(C#N)c(C(F)(F)F)c3)C(=O)C2(C)C)cc1F,DB08899,Enzalutamide
[223Ra+2].[Cl-].[Cl-],DB08913,Radium Ra 223 dichloride
C=C(C)[C@@H]1CCC(C)=C[C@H]1c1c(O)cc(CCCCC)cc1O,DB09061,Cannabidiol
O=C(c1cc(Cc2n[nH]c(=O)c3ccccc23)ccc1F)N1CCN(C(=O)C2CC2)CC1,DB09074,Olaparib
C[C@]12CCC3=C4CCC(=O)C=C4CC[C@H]3[C@@H]1CC[C@@]2(O)CC#N,DB09123,Dienogest
[89Sr+2].[Cl-].[Cl-],DB09498,Strontium chloride Sr-89
C[N+](C)([11CH3])CCO,DB09563,Choline C-11
CCCCC(CC)COc1ccc(-c2nc(-c3ccc(OC)cc3)nc(-c3ccc(OCC(CC)CCCC)cc3O)n2)c(O)c1,DB11206,Bemotrizinol
[Ne],DB11589,Neon
Cn1ncnc1[C@H]1c2n[nH]c(=O)c3cc(F)cc(c23)N[C@@H]1c1ccc(F)cc1,DB11760,Talazoparib
NC(=O)c1cccc2cn(-c3ccc([C@@H]4CCCNC4)cc3)nc12,DB11793,Niraparib
CONC(=O)Nc1ccc(-c2sc3c(c2CN(C)C)c(=O)n(-c2ccc(OC)nn2)c(=O)n3Cc2c(F)cccc2F)cc1,DB11853,Relugolix
CNC(=O)c1ccc(N2C(=S)N(c3cnc(C#N)c(C(F)(F)F)c3)C(=O)C23CCC3)cc1F,DB11901,Apalutamide
COc1cc(Nc2ncc(F)c(Nc3ccc4c(n3)N(COP(=O)(O)O)C(=O)C(C)(C)O4)n2)cc(OC)c1OC,DB12010,Fostamatinib
CNCc1ccc(-c2[nH]c3cc(F)cc4c3c2CCNC4=O)cc1,DB12332,Rucaparib
CCC(=O)O[C@]1(C(=O)CO)CC[C@H]2[C@@H]3CCC4=CC(=O)CC[C@]4(C)[C@H]3CC[C@@]21C,DB12499,Clascoterone
CC(O)c1cc(C(=O)N[C@@H](C)Cn2ccc(-c3ccc(C#N)c(Cl)c3)n2)n[nH]1,DB12941,Darolutamide
N[C@]1(C(=O)O)C[C@@H]([18F])C1,DB13146,Fluciclovine (18F)
CC1CCC(C(C)C)C(O)C1,DB14123,Menthol
CC(C)=CCC/C(C)=C/CO,DB14183,Geraniol
CC(CC=O)CCCC(C)(C)O,DB14187,Hydroxycitronellal
O=C(O)CC[C@H](NC(=O)N[C@@H](CCCCNC(=O)c1ccc([18F])nc1)C(=O)O)C(=O)O,DB14805,Piflufolastat F 18
CC[C@H]1c2cc3[n-]c(c(CC(=O)OC)c4nc(cc5[n-]c(cc(n2)[C@@H]1C)c(C(C)=O)c5C)[C@@H](C)[C@@H]4CCC(=O)O)c(C(=O)NCCS(=O)(=O)O)c3C.[Pd+2],DB15575,Padeliporfin
O=C([O-])CCc1ccc(O)c(CN(CCN(CC(=O)[O-])Cc2cc(CCC(=O)NCCCCCC(=O)NCCCC[C@H](NC(=O)N[C@@H](CCC(=O)O)C(=O)O)C(=O)O)ccc2O)CC(=O)[O-])c1.[68Ga+3],DB16019,Gallium Ga-68 gozetotide
CC(C)(C)[Si]([18F])(c1ccc(C(=O)NC[C@@H](NC(=O)CC[C@@H](C(=O)O)N2CCN(CC(=O)O)CCN(CC(=O)O)CCN(CC(=O)O)CC2)C(=O)N[C@H](CCCCNC(=O)CCC(=O)NCCC[C@@H](NC(=O)CC[C@H](NC(=O)N[C@@H](CCC(=O)O)C(=O)O)C(=O)O)C(=O)O)C(=O)O)cc1)C(C)(C)C,DB17851,Flotufolastat F-18
