C/C=C/C[C@@H](C)[C@@H](O)[C@H]1C(=O)N[C@@H](CC)C(=O)N(C)CC(=O)N(C)[C@@H](CC(C)C)C(=O)N[C@@H](C(C)C)C(=O)N(C)[C@@H](CC(C)C)C(=O)N[C@@H](C)C(=O)N[C@H](C)C(=O)N(C)[C@@H](CC(C)C)C(=O)N(C)[C@@H](CC(C)C)C(=O)N(C)[C@@H](C(C)C)C(=O)N1C,DB00091,Cyclosporine
O=C(O)CCCC[C@@H]1SC[C@@H]2NC(=O)N[C@@H]21,DB00121,Biotin
Clc1ccc(CO/N=C(\Cn2ccnc2)c2ccc(Cl)cc2Cl)c(Cl)c1,DB00239,Oxiconazole
Nc1ccc(S(=O)(=O)c2ccc(N)cc2)cc1,DB00250,Dapsone
CC[C@@H]1/C=C(\C)C[C@H](C)C[C@H](OC)[C@H]2O[C@@](O)(C(=O)C(=O)N3CCCC[C@H]3C(=O)O[C@H](/C(C)=C/[C@@H]3CC[C@H](Cl)[C@H](OC)C3)[C@H](C)[C@@H](O)CC1=O)[C@H](C)C[C@@H]2OC,DB00337,Pimecrolimus
O=C(O)COCCN1CCN(C(c2ccccc2)c2ccc(Cl)cc2)CC1,DB00341,Cetirizine
CCC(=O)OCC(=O)[C@@]1(OC(=O)CC)[C@@H](C)C[C@H]2[C@@H]3CCC4=CC(=O)C=C[C@]4(C)[C@@]3(Cl)[C@@H](O)C[C@@]21C,DB00394,Beclomethasone dipropionate
C[C@H]1C[C@H]2[C@@H]3CCC4=CC(=O)C=C[C@]4(C)[C@@]3(F)[C@@H](O)C[C@]2(C)[C@@]1(O)C(=O)CO,DB00443,Betamethasone
CC1=C(/C=C/C(C)=C\C=C\C(C)=C\C(=O)O)C(C)(C)CCC1,DB00523,Alitretinoin
CC1(C)O[C@@H]2C[C@H]3[C@@H]4C[C@H](F)C5=CC(=O)C=C[C@]5(C)[C@@]4(F)[C@@H](O)C[C@]3(C)[C@]2(C(=O)CO)O1,DB00591,Fluocinolone acetonide
CC[C@H](C)[C@H]1O[C@]2(CC[C@@H]1C)C[C@@H]1C[C@@H](C/C=C(\C)[C@@H](O[C@H]3C[C@H](OC)[C@@H](O[C@H]4C[C@H](OC)[C@@H](O)[C@H](C)O4)[C@H](C)O3)[C@@H](C)/C=C/C=C3\CO[C@@H]4[C@H](O)C(C)=C[C@@H](C(=O)O1)[C@]34O)O2.CO[C@H]1C[C@H](O[C@H]2[C@H](C)O[C@@H](O[C@@H]3/C(C)=C/C[C@@H]4C[C@@H](C[C@]5(CC[C@H](C)[C@@H](C(C)C)O5)O4)OC(=O)[C@@H]4C=C(C)[C@@H](O)[C@H]5OC/C(=C\C=C\[C@@H]3C)[C@]54O)C[C@@H]2OC)O[C@@H](C)[C@@H]1O,DB00602,Ivermectin
C[C@]12C=CC(=O)C=C1CC[C@H]1[C@@H]3C[C@@H](O)[C@](O)(C(=O)CO)[C@@]3(C)C[C@H](O)[C@@]12F,DB00620,Triamcinolone
C[C@@H]1C[C@H]2[C@@H]3C[C@H](F)C4=CC(=O)C=C[C@]4(C)[C@@]3(F)[C@@H](O)C[C@]2(C)[C@@]1(O)C(=O)CO,DB00663,Flumethasone
COc1c(C)c2c(c(O)c1C/C=C(\C)CCC(=O)OCCN1CCOCC1)C(=O)OC2,DB00688,Mycophenolate mofetil
CC(C(=O)O)c1ccc(-c2ccccc2)c(F)c1,DB00712,Flurbiprofen
CCc1cccc2c3c([nH]c12)C(CC)(CC(=O)O)OCC3,DB00749,Etodolac
Cn1cc[nH]c1=S,DB00763,Methimazole
CCOC(=O)c1ccc(C#Cc2ccc3c(c2)C(C)(C)CCS3)nc1,DB00799,Tazarotene
C=CC[C@@H]1/C=C(\C)C[C@H](C)C[C@H](OC)[C@H]2O[C@@](O)(C(=O)C(=O)N3CCCC[C@H]3C(=O)O[C@H](/C(C)=C/[C@@H]3CC[C@@H](O)[C@H](OC)C3)[C@H](C)[C@@H](O)CC1=O)[C@H](C)C[C@@H]2OC,DB00864,Tacrolimus
CN(CCCl)CCCl,DB00888,Mechlorethamine
Nc1ccc(S(=O)(=O)Nc2ccccn2)cc1,DB00891,Sulfapyridine
S=[Se]=S,DB00971,Selenium Sulfide
O=C(O)c1cc(=O)c2c(OCC(O)COc3cccc4oc(C(=O)O)cc(=O)c34)cccc2o1,DB01003,Cromoglicic acid
CC(=O)OCC(=O)[C@@]12OC(C)(C)O[C@@H]1C[C@H]1[C@@H]3C[C@H](F)C4=CC(=O)C=C[C@]4(C)[C@@]3(F)[C@@H](O)C[C@@]12C,DB01047,Fluocinonide
Clc1ccc(COC(Cn2ccnc2)c2ccc(Cl)cc2Cl)c(Cl)c1,DB01110,Miconazole
CCOC(=O)O[C@]1(C(=O)COC(=O)CC)CC[C@H]2[C@@H]3CCC4=CC(=O)C=C[C@]4(C)[C@H]3[C@@H](O)C[C@@]21C,DB01130,Prednicarbate
CN(C)CCC=C1c2ccccc2COc2ccccc21,DB01142,Doxepin
Oc1c(Cl)cc(Cl)c2cccnc12,DB01243,Chloroxine
CN(C)[C@@H]1C(O)=C(C(=O)NCN2CCCC2)C(=O)[C@@]2(O)C(O)=C3C(=O)c4c(O)cccc4[C@@](C)(O)[C@H]3C[C@@H]12,DB01301,Rolitetracycline
O=C(Nc1c(Cl)cncc1Cl)c1ccc(OC(F)F)c(OCC2CC2)c1,DB01656,Roflumilast
NC(N)=O,DB03904,Urea
Cc1cc2cc3c(C)cc(=O)oc3c(C)c2o1,DB04571,Trioxsalen
N#Cc1ccc(Oc2ccc3c(c2)COB3O)cc1,DB05219,Crisaborole
[Mn+2],DB06757,Manganese cation
[O-][n+]1ccccc1S,DB06815,Pyrithione
N#CC[C@H](C1CCCC1)n1cc(-c2ncnc3[nH]ccc23)cn1,DB08877,Ruxolitinib
CN(C)C/C=C/C(=O)Nc1cc2c(Nc3ccc(F)c(Cl)c3)ncnc2cc1O[C@H]1CCOC1,DB08916,Afatinib
N#C/C(=C1/SC[C@@H](c2ccc(Cl)cc2Cl)S1)n1ccnc1,DB08933,Luliconazole
OB1OCc2cc(F)ccc21,DB09041,Tavaborole
O=C([O-])CC(S[Au])C(=O)[O-].[Na+].[Na+],DB09276,Sodium aurothiomalate
O=[Zn],DB09321,Zinc oxide
S1SSSSSSS1,DB09353,Octasulfur
O=C(OC[C@H]1OC(OC(=O)c2cc(O)c(O)c(OC(=O)c3cc(O)c(O)c(O)c3)c2)[C@H](OC(=O)c2cc(O)c(O)c(OC(=O)c3cc(O)c(O)c(O)c3)c2)[C@@H](OC(=O)c2cc(O)c(O)c(OC(=O)c3cc(O)c(O)c(O)c3)c2)[C@@H]1OC(=O)c1cc(O)c(O)c(OC(=O)c2cc(O)c(O)c(O)c2)c1)c1cc(O)c(O)c(OC(=O)c2cc(O)c(O)c(O)c2)c1,DB09372,Tannic acid
O=C([O-])[O-].[Na+].[Na+],DB09460,Sodium carbonate
CC1(C)C2CCC1(CS(=O)(=O)O)C(=O)C2=Cc1ccc(C=C2C(=O)C3(CS(=O)(=O)O)CCC2C3(C)C)cc1,DB09534,Ecamsule
Oc1cccc(O)c1,DB11085,Resorcinol
F[Sn]F,DB11092,Stannous fluoride
O=[Se](O)O,DB11127,Selenious acid
[Na+].[OH-],DB11151,Sodium hydroxide
O=C(O)c1c(Cl)c(Cl)c(Cl)c(Cl)c1-c1c2cc(I)c(=O)c(I)c-2oc2c(I)c(O)c(I)cc12,DB11182,Rose bengal
CCS(=O)(=O)N1CC(CC#N)(n2cc(-c3ncnc4[nH]ccc34)cn2)C1,DB11817,Baricitinib
C[C@@]12C(=O)OC(=O)[C@]1(C)[C@H]1CC[C@@H]2O1,DB12328,Cantharidin
CNc1ncc(-c2ccc3c(=O)c(C(=O)O)cn(C4CC4)c3c2C)cc1C,DB12924,Ozenoxacin
C=C1C(=O)O[C@H]2[C@H]1CC/C(C)=C/CC[C@@]1(C)O[C@@H]21,DB13063,Parthenolide
C[C@H]1C[C@H]2[C@@H]3CCC4=CC(=O)C=C[C@]4(C)[C@@]3(F)C(=O)C[C@]2(C)[C@@]1(O)C(=O)CCl,DB13158,Clobetasone
IC(I)I,DB13813,Iodoform
CCCCC/C=C\C/C=C\C/C=C\CCCCC(=O)O,DB13854,Gamolenic acid
CC(C)=CCC/C(C)=C/CO,DB14183,Geraniol
O=C/C=C/c1ccccc1,DB14184,Cinnamaldehyde
OC/C=C/c1ccccc1,DB14186,Cinnamyl alcohol
CC(CC=O)CCCC(C)(C)O,DB14187,Hydroxycitronellal
CC=Cc1ccc(O)c(OC)c1,DB14188,Isoeugenol
NCCN,DB14189,Ethylenediamine
N=C(Nc1ccccc1)Nc1ccccc1,DB14191,Diphenylguanidine
CCN(CC)C(=S)[S-].CCN(CC)C(=S)[S-].[Zn+2],DB14193,Ditiocarb zinc
CCCCN(CCCC)C(=S)[S-].CCCCN(CCCC)C(=S)[S-].[Zn+2],DB14194,Zinc dibutyldithiocarbamate
CC(C)Nc1ccc(Nc2ccccc2)cc1,DB14195,4-(Isopropylamino)diphenylamine
c1ccc(Nc2ccc(NC3CCCCC3)cc2)cc1,DB14196,"N-Cyclohexyl-N'-phenyl-1,4-phenylenediamine"
Cn1sc(Cl)cc1=O,DB14197,Methylchloroisothiazolinone
ClC=CC[N+]12CN3CN(CN(C3)C1)C2.[Cl-],DB14198,Quaternium-15
N#CCCC(Br)(C#N)CBr,DB14199,Bromothalonil
c1ccc2sc(SNC3CCCCC3)nc2c1,DB14200,Thiohexam
c1ccc2sc(SSc3nc4ccccc4s3)nc2c1,DB14201,"2,2'-Dibenzothiazyl disulfide"
C[C@@H]1C[C@H]2[C@@H]3CCC4=CC(=O)C=C[C@]4(C)[C@@]3(Cl)[C@@H](O)C[C@]2(C)[C@@]1(OC(=O)c1ccco1)C(=O)CCl,DB14512,Mometasone furoate
CCCS(=O)(=O)N[C@H]1C[C@@H](N(C)c2ncnc3[nH]ccc23)C1,DB14973,Abrocitinib
CC[C@@H]1CN(C(=O)NCC(F)(F)F)C[C@@H]1c1cnc2cnc3[nH]ccc3n12,DB15091,Upadacitinib
