test_row,cell_line,plate,perturbation,chembl-ID,SMILES,dose_value,time,target,pathway,pathway_level_1,pathway_level_2,smiles_parse_status
0,MCF7,plate18,2-Methoxyestradiol (2-MeOE2),CHEMBL299613,COc1cc2c(cc1O)CC[C@@H]1[C@@H]2CC[C@]2(C)[C@@H](O)CC[C@@H]12,10.0,24.0,HIF,Angiogenesis,HIF signaling,GPCR activity,valid
1,MCF7,plate20,A-366,CHEMBL84617,CCC(=O)N(c1ccccc1F)C1(c2ccccc2)CCN(CCn2nnn(CC)c2=O)CC1,10.0,24.0,Histone Methyltransferase,Epigenetics,Epigenetic regulation,Histone methylation,valid
2,MCF7,plate22,ABT-737,CHEMBL376408,CN(C)CC[C@H](CSc1ccccc1)Nc1ccc(S(=O)(=O)NC(=O)c2ccc(N3CCN(Cc4ccccc4-c4ccc(Cl)cc4)CC3)cc2)cc1[N+](=O)[O-],10.0,24.0,Bcl-2,Apoptosis,Apoptotic regulation,Mitochondrial pathway of apoptosis,valid
3,MCF7,plate24,AC480 (BMS-599626),CHEMBL1645462,Cc1c(NC(=O)OC[C@@H]2COCCN2)cn2ncnc(Nc3ccc4c(cnn4Cc4cccc(F)c4)c3)c12,10.0,24.0,"EGFR,HER2",Protein Tyrosine Kinase,Tyrosine kinase signaling,RTK activity,valid
4,MCF7,plate20,AG-14361,CHEMBL65892,CN(C)Cc1ccc(-c2nc3cccc4c3n2CCNC4=O)cc1,10.0,24.0,PARP,DNA Damage,DNA damage & DNA repair,ADP-rybosilation,valid
5,MCF7,plate22,AG-490 (Tyrphostin B42),CHEMBL1257042,N#C/C(=C/c1ccc(O)c(O)c1)C(=O)NCc1ccccc1,10.0,24.0,EGFR,Protein Tyrosine Kinase,Tyrosine kinase signaling,RTK activity,valid
6,MCF7,plate24,AICAR (Acadesine),CHEMBL1551724,NC(=O)c1ncn([C@@H]2O[C@H](CO)[C@@H](O)[C@H]2O)c1N,10.0,24.0,AMPK,PI3K/Akt/mTOR,PKC signaling,AMPK activity,valid
7,MCF7,plate20,AMG-900,CHEMBL2140408,Cc1csc(-c2nnc(Nc3ccc(Oc4ncccc4-c4ccnc(N)n4)cc3)c3ccccc23)c1,10.0,24.0,Aurora Kinase,Cell Cycle,Cell cycle regulation,Aurora kinase activity,valid
8,MCF7,plate20,AR-42,CHEMBL191482,CC(C)[C@H](C(=O)Nc1ccc(C(=O)NO)cc1)c1ccccc1,10.0,24.0,HDAC,Epigenetics,Epigenetic regulation,Histone deacetylation,valid
9,MCF7,plate18,AT9283,CHEMBL495727,O=C(Nc1c[nH]nc1-c1nc2ccc(CN3CCOCC3)cc2[nH]1)NC1CC1,10.0,24.0,"Aurora Kinase,Bcr-Abl,JAK",JAK/STAT,JAK/STAT signaling,JAK kinase activity,valid
10,MCF7,plate20,AZD1480,CHEMBL1231124,Cc1cc(Nc2nc(N[C@@H](C)c3ncc(F)cn3)ncc2Cl)[nH]n1,10.0,24.0,JAK,JAK/STAT,JAK/STAT signaling,JAK kinase activity,valid
11,MCF7,plate18,Abexinostat (PCI-24781),CHEMBL2103863,CN(C)Cc1c(C(=O)NCCOc2ccc(C(=O)NO)cc2)oc2ccccc12,10.0,24.0,HDAC,Cytoskeletal Signaling,Epigenetic regulation,Histone deacetylation,valid
12,MCF7,plate22,Alendronate sodium trihydrate,CHEMBL675,NCCCC(O)(P(=O)([O-])O)P(=O)(O)O.[Na+],10.0,24.0,Others,Others,Metabolic regulation,Dimethylallyl trans transferase activity,valid
13,MCF7,plate18,Alisertib (MLN8237),CHEMBL483158,COc1cc(Nc2ncc3c(n2)-c2ccc(Cl)cc2C(c2c(F)cccc2OC)=NC3)ccc1C(=O)O,10.0,24.0,Aurora Kinase,Cell Cycle,Cell cycle regulation,Aurora kinase activity,valid
14,MCF7,plate22,Altretamine,CHEMBL1455,CN(C)c1nc(N(C)C)nc(N(C)C)n1,10.0,24.0,DNA alkylator,DNA Damage,DNA damage & DNA repair,Alkylating agent,valid
15,MCF7,plate22,Alvespimycin (17-DMAG) HCl,CHEMBL383824,CO[C@H]1/C=C\C=C(/C)C(=O)NC2=CC(=O)C(NCCN(C)C)=C(C[C@@H](C)C[C@H](OC)[C@H](O)[C@@H](C)/C=C(\C)[C@@H]1OC(N)=O)C2=O,10.0,24.0,HSP (e.g. HSP90),Cytoskeletal Signaling,Protein folding & Protein degradation,HSP90 activity,valid
16,MCF7,plate22,Aminoglutethimide ,CHEMBL488,CCC1(c2ccc(N)cc2)CCC(=O)NC1=O,10.0,24.0,Aromatase,Endocrinology & Hormones,Metabolic regulation,Aromatase activity,valid
17,MCF7,plate22,Amisulpride,CHEMBL243712,CCN1CCCC1CNC(=O)c1cc(S(=O)(=O)CC)c(N)cc1OC,10.0,24.0,Dopamine Receptor,Neuronal Signaling,Neuronal signaling,Dopamine receptor activity,valid
18,MCF7,plate22,Avagacestat (BMS-708163),CHEMBL1090771,NC(=O)[C@@H](CCC(F)(F)F)N(Cc1ccc(-c2ncon2)cc1F)S(=O)(=O)c1ccc(Cl)cc1,10.0,24.0,"Beta Amyloid,Gamma-secretase",Proteases,Protein folding & Protein degradation,Gamma secretase activity,valid
19,MCF7,plate18,Azacitidine ,CHEMBL1489,Nc1ncn([C@@H]2O[C@H](CO)[C@@H](O)[C@H]2O)c(=O)n1,10.0,24.0,DNA Methyltransferase,DNA Damage,Epigenetic regulation,DNA methylation,valid
20,MCF7,plate22,BMS-536924,CHEMBL401930,Cc1cc(N2CCOCC2)cc2[nH]c(-c3c(NC[C@@H](O)c4cccc(Cl)c4)cc[nH]c3=O)nc12,10.0,24.0,IGF-1R,Protein Tyrosine Kinase,Tyrosine kinase signaling,RTK activity,valid
21,MCF7,plate22,BMS-754807,CHEMBL575448,C[C@@]1(C(=O)Nc2ccc(F)nc2)CCCN1c1nc(Nc2cc(C3CC3)n[nH]2)c2cccn2n1,10.0,24.0,"c-Met,IGF-1R,Trk receptor",Protein Tyrosine Kinase,Tyrosine kinase signaling,RTK activity,valid
22,MCF7,plate18,BMS-911543,CHEMBL3545215,CCn1c(C(=O)N(C2CC2)C2CC2)cc2c3c(ncn3C)c(Nc3cc(C)n(C)n3)nc21,10.0,24.0,JAK,JAK/STAT,JAK/STAT signaling,JAK kinase activity,valid
23,MCF7,plate18,Barasertib (AZD1152-HQPA),CHEMBL215152,CCN(CCO)CCCOc1ccc2c(Nc3cc(CC(=O)Nc4cccc(F)c4)[nH]n3)ncnc2c1,10.0,24.0,Aurora Kinase,Cell Cycle,Cell cycle regulation,Aurora kinase activity,valid
24,MCF7,plate20,"Baricitinib (LY3009104, INCB028050)",CHEMBL2105759,CCS(=O)(=O)N1CC(CC#N)(n2cc(-c3ncnc4[nH]ccc34)cn2)C1,10.0,24.0,JAK,Epigenetics,JAK/STAT signaling,JAK kinase activity,valid
25,MCF7,plate18,Belinostat (PXD101),CHEMBL408513,O=C(/C=C/c1cccc(S(=O)(=O)Nc2ccccc2)c1)NO,10.0,24.0,HDAC,Epigenetics,Epigenetic regulation,Histone deacetylation,valid
26,MCF7,plate18,Bisindolylmaleimide IX (Ro 31-8220 Mesylate),CHEMBL6291,Cn1cc(C2=C(c3cn(CCCSC(=N)N)c4ccccc34)C(=O)NC2=O)c2ccccc21,10.0,24.0,PKC,TGF-beta/Smad,PKC signaling,PKC activitiy,valid
27,MCF7,plate22,Bosutinib (SKI-606),CHEMBL288441,COc1cc(Nc2c(C#N)cnc3cc(OCCCN4CCN(C)CC4)c(OC)cc23)c(Cl)cc1Cl,10.0,24.0,Src,Angiogenesis,Tyrosine kinase signaling,Abl/Src activity,valid
28,MCF7,plate22,Busulfan ,CHEMBL820,CS(=O)(=O)OCCCCOS(C)(=O)=O,10.0,24.0,DNA alkylator,DNA Damage,DNA damage & DNA repair,Alkylating agent,valid
29,MCF7,plate20,CEP-33779,CHEMBL2062804,CN1CCN(c2cccc(Nc3nc4c(-c5ccc(S(C)(=O)=O)cc5)cccn4n3)c2)CC1,10.0,24.0,JAK,JAK/STAT,JAK/STAT signaling,JAK kinase activity,valid
30,MCF7,plate24,CUDC-101,CHEMBL598797,C#Cc1cccc(Nc2ncnc3cc(OC)c(OCCCCCCC(=O)NO)cc23)c1,10.0,24.0,"EGFR,HDAC,HER2",Epigenetics,Epigenetic regulation,Histone deacetylation,valid
31,MCF7,plate20,CUDC-907,CHEMBL3622533,COc1ccc(-c2nc(N3CCOCC3)c3sc(CN(C)c4ncc(C(=O)NO)cn4)cc3n2)cn1,10.0,24.0,"HDAC,PI3K",Cytoskeletal Signaling,Epigenetic regulation,Histone deacetylation,valid
32,MCF7,plate24,CYC116,CHEMBL482967,Cc1nc(N)sc1-c1ccnc(Nc2ccc(N3CCOCC3)cc2)n1,10.0,24.0,"Aurora Kinase,VEGFR",Cell Cycle,Cell cycle regulation,Aurora kinase activity,valid
33,MCF7,plate22,Capecitabine ,CHEMBL1773,CCCCCOC(=O)Nc1nc(=O)n([C@@H]2O[C@H](C)[C@@H](O)[C@H]2O)cc1F,10.0,24.0,DNA/RNA Synthesis,DNA Damage,DNA damage & DNA repair,Nucleotide analog,valid
34,MCF7,plate22,Carmofur,CHEMBL460499,CCCCCCNC(=O)n1cc(F)c(=O)[nH]c1=O,10.0,24.0,DNA/RNA Synthesis,DNA Damage,DNA damage & DNA repair,Nucleotide analog,valid
35,MCF7,plate22,Cediranib (AZD2171),CHEMBL491473,COc1cc2c(Oc3ccc4[nH]c(C)cc4c3F)ncnc2cc1OCCCN1CCCC1,10.0,24.0,VEGFR,Protein Tyrosine Kinase,Tyrosine kinase signaling,RTK activity,valid
36,MCF7,plate22,Celecoxib,CHEMBL118,Cc1ccc(-c2cc(C(F)(F)F)nn2-c2ccc(S(N)(=O)=O)cc2)cc1,10.0,24.0,COX,Neuronal Signaling,Other,Cyclooxigenase activity,valid
37,MCF7,plate20,"Cerdulatinib (PRT062070, PRT2070)",CHEMBL4116008,CCS(=O)(=O)N1CCN(c2ccc(Nc3ncc(C(N)=O)c(NC4CC4)n3)cc2)CC1,10.0,24.0,JAK,JAK/STAT,JAK/STAT signaling,RTK activity,valid
38,MCF7,plate24,Cimetidine ,CHEMBL30,CN/C(=N\CCSCc1nc[nH]c1C)NC#N,10.0,24.0,Histamine Receptor,Neuronal Signaling,Other,Histamine receptor activity,valid
39,MCF7,plate20,Clevudine ,CHEMBL458875,Cc1cn([C@H]2O[C@@H](CO)[C@H](O)[C@H]2F)c(=O)[nH]c1=O,10.0,24.0,DNA/RNA Synthesis,DNA Damage,DNA damage & DNA repair,Nucleotide analog,valid
40,MCF7,plate22,Costunolide,CHEMBL86416,C=C1C(=O)O[C@@H]2/C=C(\C)CC/C=C(\C)CC[C@@H]12,10.0,24.0,Telomerase,DNA Damage,JAK/STAT signaling,RTK activity,valid
41,MCF7,plate24,Crizotinib (PF-02341066),CHEMBL601719,C[C@@H](Oc1cc(-c2cnn(C3CCNCC3)c2)cnc1N)c1c(Cl)ccc(F)c1Cl,10.0,24.0,"ALK,c-Met",Protein Tyrosine Kinase,Tyrosine kinase signaling,RTK activity,valid
42,MCF7,plate24,Curcumin,CHEMBL116438,,10.0,24.0,"NF-κB,HDAC,Histone Acetyltransferase,Nrf2",Epigenetics,Other,Anti-inflammatory,missing
43,MCF7,plate18,Dacinostat (LAQ824),CHEMBL356066,O=C(/C=C/c1ccc(CN(CCO)CCc2c[nH]c3ccccc23)cc1)NO,10.0,24.0,HDAC,Epigenetics,Epigenetic regulation,Histone deacetylation,valid
44,MCF7,plate18,Danusertib (PHA-739358),CHEMBL402548,CO[C@@H](C(=O)N1Cc2[nH]nc(NC(=O)c3ccc(N4CCN(C)CC4)cc3)c2C1)c1ccccc1,10.0,24.0,"Aurora Kinase,Bcr-Abl,c-RET,FGFR",Cell Cycle,Cell cycle regulation,Aurora kinase activity,valid
45,MCF7,plate20,Daphnetin,CHEMBL244948,O=c1ccc2ccc(O)c(O)c2o1,10.0,24.0,"PKA,EGFR,PKC",DNA Damage,Antioxidant,Antioxidant,valid
46,MCF7,plate24,Dasatinib,CHEMBL1421,Cc1nc(Nc2ncc(C(=O)Nc3c(C)cccc3Cl)s2)cc(N2CCN(CCO)CC2)n1,10.0,24.0,"Bcr-Abl,c-Kit,Src",Angiogenesis,Tyrosine kinase signaling,Abl/Src activity,valid
47,MCF7,plate18,Decitabine,CHEMBL1201129,Nc1ncn([C@H]2C[C@H](O)[C@@H](CO)O2)c(=O)n1,10.0,24.0,DNA Methyltransferase,Epigenetics,Epigenetic regulation,DNA methylation,valid
48,MCF7,plate22,Disulfiram ,CHEMBL964,CCN(CC)C(=S)SSC(=S)N(CC)CC,10.0,24.0,Dehydrogenase,Metabolism,Metabolic regulation,Aldehyde dehydrogenase activity,valid
49,MCF7,plate18,Divalproex Sodium,CHEMBL2105613,CCCC(CCC)C(=O)O.CCCC(CCC)C(=O)[O-].[Na+],10.0,24.0,HDAC,Ubiquitin,Epigenetic regulation,Histone deacetylation,valid
50,MCF7,plate18,Ellagic acid,CHEMBL6246,O=c1oc2c(O)c(O)cc3c(=O)oc4c(O)c(O)cc1c4c23,10.0,24.0,Topoisomerase,DNA Damage,Antioxidant,Antioxidant,valid
51,MCF7,plate20,Entacapone,CHEMBL953,CCN(CC)C(=O)/C(C#N)=C/c1cc(O)c(O)c([N+](=O)[O-])c1,10.0,24.0,Histone Methyltransferase,Epigenetics,Neuronal signaling,Catecholamine degradation,valid
52,MCF7,plate24,Entinostat (MS-275),CHEMBL27759,Nc1ccccc1NC(=O)c1ccc(CNC(=O)OCc2cccnc2)cc1,10.0,24.0,HDAC,Epigenetics,Epigenetic regulation,Histone deacetylation,valid
53,MCF7,plate24,Enzastaurin (LY317615),CHEMBL300138,Cn1cc(C2=C(c3cn(C4CCN(Cc5ccccn5)CC4)c4ccccc34)C(=O)NC2=O)c2ccccc21,10.0,24.0,PKC,TGF-beta/Smad,PKC signaling,PKC activitiy,valid
54,MCF7,plate22,Epothilone A,CHEMBL329993,C/C(=C\c1csc(C)n1)[C@@H]1C[C@@H]2O[C@@H]2CCC[C@H](C)[C@H](O)[C@@H](C)C(=O)C(C)(C)[C@@H](O)CC(=O)O1,10.0,24.0,Microtubule Associated,Cytoskeletal Signaling,Cell cycle regulation,Cell cycle regulation,valid
55,MCF7,plate18,Fasudil (HA-1077) HCl,CHEMBL38380,O=S(=O)(c1cccc2cnccc12)N1CCCNCC1,10.0,24.0,"Autophagy,ROCK",Cell Cycle,Focal adhesion signaling,ROCK activity,valid
56,MCF7,plate20,"Fedratinib (SAR302503, TG101348)",CHEMBL1287853,Cc1cnc(Nc2ccc(OCCN3CCCC3)cc2)nc1Nc1cccc(S(=O)(=O)NC(C)(C)C)c1,10.0,24.0,JAK,JAK/STAT,JAK/STAT signaling,JAK kinase activity,valid
57,MCF7,plate20,Filgotinib (GLPG0634),CHEMBL3301607,O=C(Nc1nc2cccc(-c3ccc(CN4CCS(=O)(=O)CC4)cc3)n2n1)C1CC1,10.0,24.0,JAK,JAK/STAT,JAK/STAT signaling,JAK kinase activity,valid
58,MCF7,plate24,Flavopiridol HCl,CHEMBL428690,CN1CC[C@H](c2c(O)cc(O)c3c(=O)cc(-c4ccccc4Cl)oc23)[C@H](O)C1,10.0,24.0,CDK,Cell Cycle,Cell cycle regulation,Cell cycle regulation,valid
59,MCF7,plate24,"Fluorouracil (5-Fluoracil, 5-FU)",CHEMBL185,O=c1[nH]cc(F)c(=O)[nH]1,10.0,24.0,DNA/RNA Synthesis,DNA Damage,DNA damage & DNA repair,Nucleotide analog,valid
60,MCF7,plate24,Fulvestrant,CHEMBL1358,C[C@]12CC[C@@H]3c4ccc(O)cc4C[C@@H](CCCCCCCCC[S+]([O-])CCCC(F)(F)C(F)(F)F)[C@H]3[C@@H]1CC[C@@H]2O,10.0,24.0,Estrogen/progestogen Receptor,Endocrinology & Hormones,Nuclear receptor signaling,Nuclear receptor activity,valid
61,MCF7,plate20,GSK J1,CHEMBL4303060,CCOC(=O)[C@H](Cc1ccc(F)cc1)NC(=O)[C@@H](N)Cc1ccc(N(CCCl)CCCl)cc1,10.0,24.0,Histone Demethylase,Epigenetics,Epigenetic regulation,Histone demethylase,valid
62,MCF7,plate20,GSK1070916,CHEMBL1090479,CCn1cc(-c2ccnc3[nH]c(-c4cccc(CN(C)C)c4)cc23)c(-c2ccc(NC(=O)N(C)C)cc2)n1,10.0,24.0,Aurora Kinase,Cell Cycle,Cell cycle regulation,Aurora kinase activity,valid
63,MCF7,plate20,Gandotinib (LY2784544),CHEMBL2107823,Cc1cc(Nc2cc(CN3CCOCC3)c3nc(C)c(Cc4ccc(Cl)cc4F)n3n2)n[nH]1,10.0,24.0,JAK,JAK/STAT,JAK/STAT signaling,JAK kinase activity,valid
64,MCF7,plate20,Givinostat (ITF2357),CHEMBL1213492,CCN(CC)Cc1ccc2cc(COC(=O)Nc3ccc(C(=O)NO)cc3)ccc2c1,10.0,24.0,HDAC,Cytoskeletal Signaling,Epigenetic regulation,Histone deacetylation,valid
65,MCF7,plate24,Glesatinib?(MGCD265),CHEMBL3989914,COCCNCc1ccc(-c2cc3nccc(Oc4ccc(NC(=S)NC(=O)Cc5ccc(F)cc5)cc4F)c3s2)nc1,10.0,24.0,"c-Met,Tie-2,VEGFR",Protein Tyrosine Kinase,Tyrosine kinase signaling,RTK activity,valid
66,MCF7,plate18,Hesperadin,CHEMBL514409,CCS(=O)(=O)Nc1ccc2c(c1)/C(=C(/Nc1ccc(CN3CCCCC3)cc1)c1ccccc1)C(=O)N2,10.0,24.0,Aurora Kinase,Cell Cycle,Cell cycle regulation,Aurora kinase activity,valid
67,MCF7,plate18,Iniparib (BSI-201),CHEMBL1170047,NC(=O)c1ccc(I)c([N+](=O)[O-])c1,10.0,24.0,PARP,DNA Damage,DNA damage & DNA repair,ADP-rybosilation,valid
68,MCF7,plate24,Ivosidenib (AG-120),CHEMBL3989958,N#Cc1ccnc(N2C(=O)CC[C@H]2C(=O)N(c2cncc(F)c2)[C@H](C(=O)NC2CC(F)(F)C2)c2ccccc2Cl)c1,10.0,24.0,IDH1,Metabolism,Metabolic regulation,Isocitrate dehydrogenase activity,valid
69,MCF7,plate24,JNJ-26854165 (Serdemetan),CHEMBL2137530,c1ccc2c(CCNc3ccc(Nc4ccncc4)cc3)c[nH]c2c1,10.0,24.0,"E3 Ligase ,p53",Apoptosis,Apoptotic regulation,TP53 degradation,valid
70,MCF7,plate18,JNJ-7706621,CHEMBL191003,Nc1nc(Nc2ccc(S(N)(=O)=O)cc2)nn1C(=O)c1c(F)cccc1F,10.0,24.0,"Aurora Kinase,CDK",Cell Cycle,Cell cycle regulation,CDK activity,valid
71,MCF7,plate20,KW-2449,CHEMBL1908397,O=C(c1ccc(/C=C/c2n[nH]c3ccccc23)cc1)N1CCNCC1,10.0,24.0,"Aurora Kinase,Bcr-Abl,FLT3",Angiogenesis,Tyrosine kinase signaling,RTK activity,valid
72,MCF7,plate22,Lapatinib (GW-572016) Ditosylate,CHEMBL554,CS(=O)(=O)CCNCc1ccc(-c2ccc3ncnc(Nc4ccc(OCc5cccc(F)c5)c(Cl)c4)c3c2)o1,10.0,24.0,"EGFR,HER2",Protein Tyrosine Kinase,Tyrosine kinase signaling,RTK activity,valid
73,MCF7,plate22,Lenalidomide (CC-5013),CHEMBL848,Nc1cccc2c1CN(C1CCC(=O)NC1=O)C2=O,10.0,24.0,TNF-alpha,Apoptosis,Protein folding & Protein degradation,E3 ubiquitin ligase activity,valid
74,MCF7,plate22,Linifanib (ABT-869),CHEMBL223360,Cc1ccc(F)c(NC(=O)Nc2ccc(-c3cccc4[nH]nc(N)c34)cc2)c1,10.0,24.0,"CSF-1R,PDGFR,VEGFR",Protein Tyrosine Kinase,Tyrosine kinase signaling,RTK activity,valid
75,MCF7,plate24,Lomustine ,CHEMBL514,O=NN(CCCl)C(=O)NC1CCCCC1,10.0,24.0,DNA/RNA Synthesis,DNA Damage,DNA damage & DNA repair,Crosslinking agent,valid
76,MCF7,plate24,"Luminespib (AUY-922, NVP-AUY922)",CHEMBL252164,CCNC(=O)c1noc(-c2cc(C(C)C)c(O)cc2O)c1-c1ccc(CN2CCOCC2)cc1,10.0,24.0,HSP (e.g. HSP90),Cytoskeletal Signaling,Protein folding & Protein degradation,HSP90 activity,valid
77,MCF7,plate24,MK-0752,CHEMBL4205422,O=C(O)CC[C@H]1CC[C@@](c2cc(F)ccc2F)(S(=O)(=O)c2ccc(Cl)cc2)CC1,10.0,24.0,"Beta Amyloid,Gamma-secretase",Proteases,Protein folding & Protein degradation,Gamma secretase activity,valid
78,MCF7,plate20,MK-5108 (VX-689),CHEMBL3182444,,10.0,24.0,Aurora Kinase,Cell Cycle,Cell cycle regulation,Aurora kinase activity,missing
79,MCF7,plate18,MLN8054,CHEMBL259084,O=C(O)c1ccc(Nc2ncc3c(n2)-c2ccc(Cl)cc2C(c2c(F)cccc2F)=NC3)cc1,10.0,24.0,Aurora Kinase,Cell Cycle,Cell cycle regulation,Aurora kinase activity,valid
80,MCF7,plate24,Maraviroc,CHEMBL1201187,Cc1nnc(C(C)C)n1[C@@H]1C[C@H]2CC[C@@H](C1)N2CC[C@H](NC(=O)C1CCC(F)(F)CC1)c1ccccc1,10.0,24.0,CCR,Microbiology,Other,Chemokine Receptor activity,valid
81,MCF7,plate22,Meprednisone,CHEMBL1201148,C[C@H]1C[C@H]2[C@@H]3CCC4=CC(=O)C=C[C@]4(C)[C@H]3C(=O)C[C@]2(C)[C@@]1(O)C(=O)CO,10.0,24.0,Glucocorticoid Receptor,Endocrinology & Hormones,Nuclear receptor signaling,Nuclear receptor activity,valid
82,MCF7,plate18,Mocetinostat (MGCD0103),CHEMBL272980,Nc1ccccc1NC(=O)c1ccc(CNc2nccc(-c3cccnc3)n2)cc1,10.0,24.0,HDAC,Epigenetics,Epigenetic regulation,Histone deacetylation,valid
83,MCF7,plate20,Momelotinib (CYT387),CHEMBL1078178,N#CCNC(=O)c1ccc(-c2ccnc(Nc3ccc(N4CCOCC4)cc3)n2)cc1,10.0,24.0,JAK,JAK/STAT,JAK/STAT signaling,JAK kinase activity,valid
84,MCF7,plate22,Motesanib Diphosphate (AMG-706),CHEMBL572881,CC1(C)CNc2cc(NC(=O)c3cccnc3NCc3ccncc3)ccc21,10.0,24.0,"VEGFR,PDGFR,c-Kit",Protein Tyrosine Kinase,Tyrosine kinase signaling,RTK activity,valid
85,MCF7,plate22,Navitoclax (ABT-263),CHEMBL443684,CC1(C)CCC(c2ccc(Cl)cc2)=C(CN2CCN(c3ccc(C(=O)NS(=O)(=O)c4ccc(N[C@H](CCN5CCOCC5)CSc5ccccc5)c(S(=O)(=O)C(F)(F)F)c4)cc3)CC2)C1,10.0,24.0,Bcl-2,Apoptosis,Apoptotic regulation,Mitochondria-mediated apoptosis,valid
86,MCF7,plate22,Nilotinib (AMN-107),CHEMBL255863,Cc1cn(-c2cc(NC(=O)c3ccc(C)c(Nc4nccc(-c5cccnc5)n4)c3)cc(C(F)(F)F)c2)cn1,10.0,24.0,Bcr-Abl,Angiogenesis,Tyrosine kinase signaling,Abl/Src activity,valid
87,MCF7,plate22,Nintedanib (BIBF 1120),CHEMBL502835,COC(=O)c1ccc2c(c1)NC(=O)/C2=C(\Nc1ccc(N(C)C(=O)CN2CCN(C)CC2)cc1)c1ccccc1,10.0,24.0,"FGFR,PDGFR,VEGFR",Protein Tyrosine Kinase,Tyrosine kinase signaling,RTK activity,valid
88,MCF7,plate24,Obatoclax Mesylate (GX15-070),CHEMBL408194,COC1=CC(c2cc3ccccc3[nH]2)=N/C1=C\c1[nH]c(C)cc1C,10.0,24.0,Bcl-2,Apoptosis,Apoptotic regulation,Mitochondria-mediated apoptosis,valid
89,MCF7,plate18,Ofloxacin,CHEMBL4,CC1COc2c(N3CCN(C)CC3)c(F)cc3c(=O)c(C(=O)O)cn1c23,10.0,24.0,Topoisomerase,DNA Damage,Other,Bacterial topoisomerase activity,valid
90,MCF7,plate22,PD173074,CHEMBL189584,CCN(CC)CCCCNc1ncc2cc(-c3cc(OC)cc(OC)c3)c(NC(=O)NC(C)(C)C)nc2n1,10.0,24.0,"FGFR,VEGFR",Angiogenesis,Tyrosine kinase signaling,RTK activity,valid
91,MCF7,plate24,PD98059,CHEMBL35482,COc1cccc(-c2cc(=O)c3ccccc3o2)c1N,10.0,24.0,MEK,MAPK,Tyrosine kinase signaling,MAPK activity,valid
92,MCF7,plate24,PF-3845,CHEMBL1651524,O=C(Nc1cccnc1)N1CCC(Cc2cccc(Oc3ccc(C(F)(F)F)cn3)c2)CC1,10.0,24.0,FAAH,Metabolism,Metabolic regulation,Fatty acid amide hydrolase activity,valid
93,MCF7,plate18,PHA-680632,CHEMBL363160,CCc1cccc(CC)c1NC(=O)N1Cc2[nH]nc(NC(=O)c3ccc(N4CCN(C)CC4)cc3)c2C1,10.0,24.0,Aurora Kinase,Cell Cycle,Cell cycle regulation,Aurora kinase activity,valid
94,MCF7,plate18,Panobinostat (LBH589),CHEMBL483254,Cc1[nH]c2ccccc2c1CCNCc1ccc(/C=C/C(=O)NO)cc1,10.0,24.0,HDAC,Epigenetics,Epigenetic regulation,Histone deacetylation,valid
95,MCF7,plate24,"Patupilone (EPO906, Epothilone B)",CHEMBL94657,C/C(=C\c1csc(C)n1)[C@@H]1C[C@@H]2O[C@]2(C)CCC[C@H](C)[C@H](O)[C@@H](C)C(=O)C(C)(C)[C@@H](O)CC(=O)O1,10.0,24.0,Microtubule Associated,Cytoskeletal Signaling,Cell cycle regulation,Spindle formation,valid
96,MCF7,plate24,Pelitinib (EKB-569),CHEMBL607707,CCOc1cc2ncc(C#N)c(Nc3ccc(F)c(Cl)c3)c2cc1NC(=O)/C=C/CN(C)C,10.0,24.0,EGFR,Protein Tyrosine Kinase,Tyrosine kinase signaling,Tyrosine kinase activity,valid
97,MCF7,plate24,Pirarubicin,CHEMBL2354444,COc1cccc2c1C(=O)c1c(O)c3c(c(O)c1C2=O)C[C@@](O)(C(=O)CO)C[C@@H]3O[C@H]1C[C@H](N)[C@H](O[C@@H]2CCCCO2)[C@H](C)O1,10.0,24.0,Topoisomerase,DNA Damage,DNA damage & DNA repair,Toposiomerase activity,valid
98,MCF7,plate18,Pracinostat (SB939),CHEMBL1851943,CCCCc1nc2cc(/C=C/C(=O)NO)ccc2n1CCN(CC)CC,10.0,24.0,HDAC,Cytoskeletal Signaling,Epigenetic regulation,Histone deacetylation,valid
99,MCF7,plate22,Prednisone ,CHEMBL635,C[C@]12C=CC(=O)C=C1CC[C@@H]1[C@@H]2C(=O)C[C@@]2(C)[C@H]1CC[C@]2(O)C(=O)CO,10.0,24.0,"Glucocorticoid Receptor,Immunology & Inflammation related",Endocrinology & Hormones,Nuclear receptor signaling,Nuclear receptor activity,valid
100,MCF7,plate20,Quercetin,CHEMBL50,O=c1c(O)c(-c2ccc(O)c(O)c2)oc2cc(O)cc(O)c12,10.0,24.0,"Src,Sirtuin,PKC,PI3K",Epigenetics,Antioxidant,Antioxidant,valid
101,MCF7,plate18,Quisinostat (JNJ-26481585) 2HCl,CHEMBL2105763,Cn1cc(CNCC2CCN(c3ncc(C(=O)NO)cn3)CC2)c2ccccc21,10.0,24.0,HDAC,Epigenetics,Epigenetic regulation,Histone deacetylation,valid
102,MCF7,plate20,RG108,CHEMBL1201616,,10.0,24.0,DNA Methyltransferase,Epigenetics,Epigenetic regulation,DNA methylation,missing
103,MCF7,plate24,Raltitrexed,CHEMBL225071,Cc1nc(=O)c2cc(CN(C)c3ccc(C(=O)N[C@@H](CCC(=O)O)C(=O)O)s3)ccc2[nH]1,10.0,24.0,DNA/RNA Synthesis,DNA Damage,DNA damage & DNA repair,Nucleotide analog,valid
104,MCF7,plate22,Ramelteon,CHEMBL1218,CCC(=O)NCC[C@@H]1CCc2ccc3c(c21)CCO3,10.0,24.0,MT Receptor,GPCR & G Protein,Neuronal signaling,MT receptor activity,valid
105,MCF7,plate24,Regorafenib (BAY 73-4506),CHEMBL1946170,CNC(=O)c1cc(Oc2ccc(NC(=O)Nc3ccc(Cl)c(C(F)(F)F)c3)c(F)c2)ccn1,10.0,24.0,"c-RET,VEGFR",Protein Tyrosine Kinase,Tyrosine kinase signaling,RTK activity,valid
106,MCF7,plate20,Resminostat,CHEMBL4296717,CN(C)Cc1ccc(S(=O)(=O)n2ccc(/C=C/C(=O)NO)c2)cc1,10.0,24.0,HDAC,Epigenetics,Epigenetic regulation,Histone deacetylation,valid
107,MCF7,plate18,Resveratrol,CHEMBL165,Oc1ccc(/C=C/c2cc(O)cc(O)c2)cc1,10.0,24.0,"Autophagy,Sirtuin",Epigenetics,Epigenetic regulation,Histone deacetylation,valid
108,MCF7,plate24,Rigosertib (ON-01910),CHEMBL1241855,COc1cc(OC)c(/C=C/S(=O)(=O)Cc2ccc(OC)c(NCC(=O)O)c2)c(OC)c1,10.0,24.0,PLK,Cell Cycle,Tyrosine kinase signaling,PI3K-AKT-MTOR activity,valid
109,MCF7,plate22,"Roscovitine (Seliciclib,CYC202)",CHEMBL14762,CC[C@H](CO)Nc1nc(NCc2ccccc2)c2ncn(C(C)C)c2n1,10.0,24.0,CDK,Cell Cycle,Cell cycle regulation,CDK activity,valid
110,MCF7,plate18,Roxadustat (FG-4592),CHEMBL2338329,Cc1nc(C(=O)NCC(=O)O)c(O)c2ccc(Oc3ccccc3)cc12,10.0,24.0,HIF,Angiogenesis,HIF signaling,HIF prolyl-hydroxylation,valid
111,MCF7,plate18,"Rucaparib (AG-014699,PF-01367338) phosphate",CHEMBL1173055,CNCc1ccc(-c2[nH]c3cc(F)cc4c3c2CCNC4=O)cc1,10.0,24.0,PARP,DNA Damage,DNA damage & DNA repair,ADP-rybosilation,valid
112,MCF7,plate18,Ruxolitinib (INCB018424),CHEMBL1789941,N#CC[C@H](C1CCCC1)n1cc(-c2ncnc3[nH]ccc23)cn1,10.0,24.0,JAK,JAK/STAT,JAK/STAT signaling,JAK kinase activity,valid
113,MCF7,plate20,S-Ruxolitinib (INCB018424),CHEMBL1789941,N#CC[C@H](C1CCCC1)n1cc(-c2ncnc3[nH]ccc23)cn1,10.0,24.0,JAK,JAK/STAT,JAK/STAT signaling,JAK kinase activity,valid
114,MCF7,plate24,SB431542,CHEMBL440084,NC(=O)c1ccc(-c2nc(-c3ccccn3)c(-c3ccc4c(c3)OCO4)[nH]2)cc1,10.0,24.0,TGF-beta/Smad,TGF-beta/Smad,TGF/BMP signaling,Activin receptor type activity,valid
115,MCF7,plate20,SGI-1776 free base,CHEMBL1952329,CN1CCC(CNc2ccc3ncc(-c4cccc(OC(F)(F)F)c4)n3n2)CC1,10.0,24.0,Pim,JAK/STAT,JAK/STAT signaling,PIM1 activity,valid
116,MCF7,plate24,SL-327,CHEMBL261237,N#C/C(=C(/N)Sc1ccc(N)cc1)c1ccccc1C(F)(F)F,10.0,24.0,MEK,MAPK,Tyrosine kinase signaling,MAPK activity,valid
117,MCF7,plate22,SNS-314,CHEMBL482767,O=C(Nc1cccc(Cl)c1)Nc1ncc(CCNc2ncnc3ccsc23)s1,10.0,24.0,Aurora Kinase,Cell Cycle,Cell cycle regulation,Aurora kinase activity,valid
118,MCF7,plate18,SRT2104 (GSK2245840),CHEMBL4297436,Cc1nc(-c2cccnc2)sc1C(=O)Nc1ccccc1-c1cn2c(CN3CCOCC3)csc2n1,10.0,24.0,Sirtuin,DNA Damage,Epigenetic regulation,Histone deacetylation,valid
119,MCF7,plate20,Sirtinol,CHEMBL380797,CC(NC(=O)c1ccccc1/N=C/c1c(O)ccc2ccccc12)c1ccccc1,10.0,24.0,Sirtuin,Epigenetics,Epigenetic regulation,Histone deacetylation,valid
120,MCF7,plate20,Sodium Phenylbutyrate,CHEMBL1746,O=C([O-])CCCc1ccccc1.[Na+],10.0,24.0,HDAC,DNA Damage,Epigenetic regulation,Histone deacetylation,valid
121,MCF7,plate24,Sorafenib Tosylate,CHEMBL1200485,CNC(=O)c1cc(Oc2ccc(NC(=O)Nc3ccc(Cl)c(C(F)(F)F)c3)cc2)ccn1.Cc1ccc(S(=O)(=O)O)cc1,10.0,24.0,"PDGFR,Raf,VEGFR",MAPK,Tyrosine kinase signaling,MAPK activity,valid
122,MCF7,plate22,Streptozotocin (STZ),CHEMBL1651906,,10.0,24.0,DNA alkylator,DNA Damage,DNA damage & DNA repair,Oxidizing agent,missing
123,MCF7,plate20,TAK-901,CHEMBL3544932,CCS(=O)(=O)c1cccc(-c2cc(C(=O)NC3CCN(C)CC3)c(C)c3[nH]c4ncc(C)cc4c23)c1,10.0,24.0,Aurora Kinase,Cell Cycle,Tyrosine kinase signaling,RTK activity,valid
124,MCF7,plate20,Tacedinaline (CI994),CHEMBL235191,CC(=O)Nc1ccc(C(=O)Nc2ccccc2N)cc1,10.0,24.0,HDAC,Epigenetics,Epigenetic regulation,Histone deacetylation,valid
125,MCF7,plate22,Tanespimycin (17-AAG),CHEMBL109480,C=CCNC1=C2C[C@@H](C)C[C@H](OC)[C@H](O)[C@@H](C)/C=C(\C)[C@H](OC(N)=O)[C@@H](OC)/C=C\C=C(/C)C(=O)NC(=CC1=O)C2=O,10.0,24.0,HSP (e.g. HSP90),Cytoskeletal Signaling,Protein folding & Protein degradation,HSP90 activity,valid
126,MCF7,plate18,Tazemetostat (EPZ-6438),CHEMBL3414621,CCN(c1cc(-c2ccc(CN3CCOCC3)cc2)cc(C(=O)NCc2c(C)cc(C)[nH]c2=O)c1C)C1CCOCC1,10.0,24.0,Histone Methyltransferase,Epigenetics,Epigenetic regulation,Histone methylation,valid
127,MCF7,plate24,"Temsirolimus (CCI-779, NSC 683864)",CHEMBL1201182,CO[C@H]1C[C@@H]2CC[C@@H](C)[C@@](O)(O2)C(=O)C(=O)N2CCCC[C@H]2C(=O)O[C@H]([C@H](C)C[C@@H]2CC[C@@H](OC(=O)C(C)(CO)CO)[C@H](OC)C2)CC(=O)[C@H](C)/C=C(\C)[C@@H](O)[C@@H](OC)C(=O)[C@H](C)C[C@H](C)/C=C/C=C/C=C/1C,10.0,24.0,mTOR,PI3K/Akt/mTOR,Tyrosine kinase signaling,PI3K-AKT-MTOR activity,valid
128,MCF7,plate24,Thalidomide,CHEMBL468,O=C1CCC(N2C(=O)c3ccccc3C2=O)C(=O)N1,10.0,24.0,"E3 Ligase ,TNF-alpha",Ubiquitin,Protein folding & Protein degradation,E3 ubiquitin ligase activity,valid
129,MCF7,plate22,Thiotepa,CHEMBL671,S=P(N1CC1)(N1CC1)N1CC1,10.0,24.0,Others,Others,DNA damage & DNA repair,Alkylating agent,valid
130,MCF7,plate20,Tofacitinib (CP-690550) Citrate,CHEMBL221959,C[C@@H]1CCN(C(=O)CC#N)C[C@@H]1N(C)c1ncnc2[nH]ccc12,10.0,24.0,JAK,JAK/STAT,JAK/STAT signaling,JAK kinase activity,valid
131,MCF7,plate22,Toremifene Citrate,CHEMBL1200675,CN(C)CCOc1ccc(/C(=C(/CCCl)c2ccccc2)c2ccccc2)cc1.O=C(O)CC(O)(CC(=O)O)C(=O)O,10.0,24.0,Estrogen/progestogen Receptor,Endocrinology & Hormones,Nuclear receptor signaling,Nuclear receptor activity,valid
132,MCF7,plate18,"Tozasertib (VX-680, MK-0457)",CHEMBL572878,Cc1cc(Nc2cc(N3CCN(C)CC3)nc(Sc3ccc(NC(=O)C4CC4)cc3)n2)n[nH]1,10.0,24.0,Aurora Kinase,Cell Cycle,Cell cycle regulation,Aurora kinase activity,valid
133,MCF7,plate24,Trametinib (GSK1120212),CHEMBL2103875,CC(=O)Nc1cccc(-n2c(=O)n(C3CC3)c(=O)c3c(Nc4ccc(I)cc4F)n(C)c(=O)c(C)c32)c1,10.0,24.0,MEK,MAPK,Tyrosine kinase signaling,MAPK activity,valid
134,MCF7,plate22,Triamcinolone Acetonide,CHEMBL1504,CC1(C)O[C@@H]2C[C@H]3[C@@H]4CCC5=CC(=O)C=C[C@]5(C)[C@@]4(F)[C@@H](O)C[C@]3(C)[C@]2(C(=O)CO)O1,10.0,24.0,Glucocorticoid Receptor,Metabolism,Nuclear receptor signaling,Nuclear receptor activity,valid
135,MCF7,plate24,Trichostatin A (TSA),CHEMBL99,CC(/C=C/C(=O)NO)=C\[C@@H](C)C(=O)c1ccc(N(C)C)cc1,10.0,24.0,HDAC,Others,Epigenetic regulation,Histone deacetylation,valid
136,MCF7,plate18,Tucidinostat (Chidamide),CHEMBL3621988,Nc1cc(F)ccc1NC(=O)c1ccc(CNC(=O)/C=C/c2cccnc2)cc1,10.0,24.0,HDAC,Epigenetics,Epigenetic regulation,Histone deacetylation,valid
137,MCF7,plate24,Vandetanib (ZD6474),CHEMBL24828,COc1cc2/c(=N/c3ccc(Br)cc3F)nc[nH]c2cc1OCC1CCN(C)CC1,10.0,24.0,VEGFR,Protein Tyrosine Kinase,Tyrosine kinase signaling,RTK activity,valid
138,MCF7,plate22,Veliparib (ABT-888),CHEMBL506871,C[C@]1(c2nc3c(C(N)=O)cccc3[nH]2)CCCN1,10.0,24.0,PARP,DNA Damage,DNA damage & DNA repair,ADP-rybosilation,valid
139,MCF7,plate20,WHI-P154,CHEMBL473773,COc1cc2ncnc(Nc3ccc(O)c(Br)c3)c2cc1OC,10.0,24.0,"EGFR,JAK",JAK/STAT,JAK/STAT signaling,JAK kinase activity,valid
140,MCF7,plate20,WP1066,CHEMBL1923234,C[C@H](NC(=O)/C(C#N)=C/c1cccc(Br)n1)c1ccccc1,10.0,24.0,JAK,JAK/STAT,JAK/STAT signaling,JAK kinase activity,valid
141,MCF7,plate18,ZM 447439,CHEMBL202721,COc1cc2c(Nc3ccc(NC(=O)c4ccccc4)cc3)ncnc2cc1OCCCN1CCOCC1,10.0,24.0,Aurora Kinase,Cell Cycle,Cell cycle regulation,Aurora kinase activity,valid
142,MCF7,plate24,Zileuton,CHEMBL93,CC(c1cc2ccccc2s1)N(O)C(N)=O,10.0,24.0,Lipoxygenase,Metabolism,Metabolic regulation,Lypoxigenase activity,valid
