target,run_idx,total_generated,valid_num,source_ligand_count,max_tanimoto,generated_smiles,known_ligand,attempt_index
AKT1,0,100,94,2109,1.0,CC[C@@H]1C(=O)N(C)c2cnc(Nc3ccc(C(=O)NC4CCN(C)CC4)cc3OC)nc2N1C1CCCC1,CCC1C(=O)N(C)c2cnc(Nc3ccc(C(=O)NC4CCN(C)CC4)cc3OC)nc2N1C1CCCC1,58
AKT1,1,100,97,2109,0.7368421052631579,Cc1cc(Nc2cc(N3CCN(C)CC3)nc(C=Cc3ccccc3)n2)n[nH]1,Cc1cc(Nc2cc(N3CCN(C)CC3)nc(C=Cc3ccccc3)n2)[nH]n1,86
AKT1,2,100,95,2109,0.7777777777777778,COc1cc2ncnc(Nc3cccc(Br)c3)c2cc1OC,CCOc1cc2ncnc(Nc3cccc(Br)c3)c2cc1OCC,32
AKT1,3,100,99,2109,0.711864406779661,CNC(=O)c1cc(Oc2ccc(NC(=O)Nc3ccc(Cl)c(C(F)(F)F)c3)cc2)ccn1,CNC(=O)c1cc(Oc2ccc(NC(=O)Nc3cccc(C(F)(F)F)c3)cc2)ccn1,52
AKT1,4,100,96,2109,0.6774193548387096,NC1(c2ccc(-c3nc4ccn5c(=O)[nH]nc5c4cc3-c3ccccc3)cc2)CCC1,NC1(c2ccc(-c3nc4ccn5c(O)nnc5c4cc3-c3ccccc3)cc2)CCC1,93
AKT1,5,100,96,2109,1.0,Cc1cc(C)c(C=C2C(=O)Nc3ccccc32)[nH]1,Cc1cc(C)c(/C=C2\C(=O)Nc3ccccc32)[nH]1,99
AKT1,6,100,98,2109,1.0,CO[C@@H](C(=O)N1Cc2[nH]nc(NC(=O)c3ccc(N4CCN(C)CC4)cc3)c2C1)c1ccccc1,COC(C(=O)N1Cc2[nH]nc(NC(=O)c3ccc(N4CCN(C)CC4)cc3)c2C1)c1ccccc1,67
AKT1,7,100,98,2109,1.0,CC(=O)NCC(=O)N1[C@@H]2CC[C@H]1c1ccc(Nc3ncc(C(F)(F)F)c(NC4CCC4)n3)cc12,CC(=O)NCC(=O)N1C2CCC1c1cc(Nc3ncc(C(F)(F)F)c(NC4CCC4)n3)ccc12,50
AKT1,8,100,93,2109,0.7741935483870968,O=c1[nH]c2ccccc2n1C1CCN(Cc2ccc(-c3nc4cc5[nH]cnc5cc4nc3-c3ccccc3)cc2)CC1,O=c1[nH]c2ccccc2n1C1CCN(Cc2ccc(-c3nc4ccccc4nc3-c3ccccc3)cc2)CC1,16
AKT1,9,100,95,2109,1.0,CC(=O)NCC(=O)N1[C@@H]2CC[C@H]1c1ccc(Nc3ncc(C(F)(F)F)c(NC4CCC4)n3)cc12,CC(=O)NCC(=O)N1C2CCC1c1cc(Nc3ncc(C(F)(F)F)c(NC4CCC4)n3)ccc12,34
AKT2,0,100,97,1259,1.0,CC[C@@H]1C(=O)N(C)c2cnc(Nc3ccc(C(=O)NC4CCN(C)CC4)cc3OC)nc2N1C1CCCC1,CCC1C(=O)N(C)c2cnc(Nc3ccc(C(=O)NC4CCN(C)CC4)cc3OC)nc2N1C1CCCC1,58
AKT2,1,100,99,1259,0.711864406779661,CNC(=O)c1cc(Oc2ccc(NC(=O)Nc3ccc(Cl)c(C(F)(F)F)c3)cc2)ccn1,CNC(=O)c1cc(Oc2ccc(NC(=O)Nc3cccc(C(F)(F)F)c3)cc2)ccn1,44
AKT2,2,100,95,1259,1.0,CC[C@H](CO)Nc1nc(NCc2ccccc2)c2ncn(C(C)C)c2n1,CCC(CO)Nc1nc(NCc2ccccc2)c2ncn(C(C)C)c2n1,96
AKT2,3,100,96,1259,1.0,CN(C(Cc1ccc(OS(=O)(=O)c2cccc3cnccc23)cc1)C(=O)N1CCN(c2ccccc2)CC1)S(=O)(=O)c1cccc2cnccc12,CN([C@@H](Cc1ccc(OS(=O)(=O)c2cccc3cnccc23)cc1)C(=O)N1CCN(c2ccccc2)CC1)S(=O)(=O)c1cccc2cnccc12,8
AKT2,4,100,97,1259,0.5974025974025974,Cc1[nH]c(C=C2C(=O)Nc3ccc(F)cc32)c(C)c1C(=O)NC[C@H](O)CN1CCOCC1,CCN(CC)CCNC(=O)c1c(C)[nH]c(/C=C2\C(=O)Nc3ccc(F)cc32)c1C,31
AKT2,5,100,97,1259,1.0,Cc1cc(C)c(C=C2C(=O)Nc3ccccc32)[nH]1,Cc1cc(C)c(/C=C2\C(=O)Nc3ccccc32)[nH]1,63
AKT2,6,100,99,1259,1.0,C[C@H]1CCN(C(=O)CC#N)C[C@@H]1N(C)c1ncnc2[nH]ccc12,CC1CCN(C(=O)CC#N)CC1N(C)c1ncnc2[nH]ccc12,36
AKT2,7,100,100,1259,0.7368421052631579,Cc1cc(Nc2cc(N3CCN(C)CC3)nc(C=Cc3ccccc3)n2)n[nH]1,Cc1cc(Nc2cc(N3CCN(C)CC3)nc(C=Cc3ccccc3)n2)[nH]n1,21
AKT2,8,100,95,1259,1.0,C[C@H]1CCN(C(=O)CC#N)C[C@@H]1N(C)c1ncnc2[nH]ccc12,CC1CCN(C(=O)CC#N)CC1N(C)c1ncnc2[nH]ccc12,3
AKT2,9,100,97,1259,0.711864406779661,CNC(=O)c1cc(Oc2ccc(NC(=O)Nc3ccc(Cl)c(C(F)(F)F)c3)cc2)ccn1,CNC(=O)c1cc(Oc2ccc(NC(=O)Nc3cccc(C(F)(F)F)c3)cc2)ccn1,59
AURKB,0,100,95,2068,1.0,CNC(=O)c1ccccc1Sc1ccc2c(C=Cc3ccccn3)n[nH]c2c1,CNC(=O)c1ccccc1Sc1ccc2c(/C=C/c3ccccn3)n[nH]c2c1,43
AURKB,1,100,99,2068,0.8571428571428571,CCN1CCN(C(=O)Cc2ccc(Nc3ncc(F)c(Nc4ccc(C(=O)Nc5ccccc5Cl)cc4)n3)cc2)CC1,CC(=O)N1CCN(C(=O)Cc2ccc(Nc3ncc(F)c(Nc4ccc(C(=O)Nc5ccccc5Cl)cc4)n3)cc2)CC1,41
AURKB,2,100,94,2068,1.0,CO[C@@H](C(=O)N1Cc2[nH]nc(NC(=O)c3ccc(N4CCN(C)CC4)cc3)c2C1)c1ccccc1,COC(C(=O)N1Cc2[nH]nc(NC(=O)c3ccc(N4CCN(C)CC4)cc3)c2C1)c1ccccc1,4
AURKB,3,100,97,2068,0.7692307692307693,Cc1ccc(Nc2nccc(N(C)c3ccc4c(C)n(C)nc4c3)n2)cc1S(N)(=O)=O,Cc1c2ccc(N(C)c3ccnc(Nc4cccc(S(N)(=O)=O)c4)n3)cc2nn1C,3
AURKB,4,100,97,2068,1.0,Cc1[nH]c(C=C2C(=O)Nc3ccc(F)cc32)c(C)c1C(=O)NC[C@H](O)CN1CCOCC1,Cc1[nH]c(/C=C2\C(=O)Nc3ccc(F)cc32)c(C)c1C(=O)NC[C@H](O)CN1CCOCC1,31
AURKB,5,100,99,2068,1.0,CNC(=O)c1ccccc1Sc1ccc2c(C=Cc3ccccn3)n[nH]c2c1,CNC(=O)c1ccccc1Sc1ccc2c(/C=C/c3ccccn3)n[nH]c2c1,19
AURKB,6,100,96,2068,1.0,CC[C@@H]1C(=O)N(C)c2cnc(Nc3ccc(C(=O)NC4CCN(C)CC4)cc3OC)nc2N1C1CCCC1,CCC1C(=O)N(C)c2cnc(Nc3ccc(C(=O)NC4CCN(C)CC4)cc3OC)nc2N1C1CCCC1,40
AURKB,7,100,100,2068,0.9210526315789473,CCN(CCO)CCCOc1ccc2c(Nc3cc(CC(=O)Nc4cccc(F)c4)[nH]n3)ncnc2c1,CCCN(CCO)CCCOc1ccc2c(Nc3cc(CC(=O)Nc4cccc(F)c4)[nH]n3)ncnc2c1,28
AURKB,8,100,92,2068,1.0,CC[C@@H]1C(=O)N(C)c2cnc(Nc3ccc(C(=O)NC4CCN(C)CC4)cc3OC)nc2N1C1CCCC1,CCC1C(=O)N(C)c2cnc(Nc3ccc(C(=O)NC4CCN(C)CC4)cc3OC)nc2N1C1CCCC1,77
AURKB,9,100,97,2068,1.0,CC[C@@H]1C(=O)N(C)c2cnc(Nc3ccc(C(=O)NC4CCN(C)CC4)cc3OC)nc2N1C1CCCC1,CCC1C(=O)N(C)c2cnc(Nc3ccc(C(=O)NC4CCN(C)CC4)cc3OC)nc2N1C1CCCC1,67
CTSK,0,100,100,1561,0.42105263157894735,O=C(NC1CCN(CCc2c[nH]c3ccccc23)CC1)c1ccccc1,N#CN1CCC(NC(=O)c2ccccc2)C1,88
CTSK,1,100,99,1561,0.4262295081967213,CC(C)[C@H]1CC[C@H](C(=O)N[C@H](Cc2ccccc2)C(=O)O)CC1,N#CCNC(=O)[C@H](Cc1cccc(Cl)c1)NC(=O)C1CCCCCC1,43
CTSK,2,100,99,1561,0.36065573770491804,N#Cc1cc2ccc(N3CCOCC3)cc2cc1C#N,CC(C)(C)Cn1c(Cc2ccc(N3CCOCC3)cc2)cc2cnc(C#N)nc21,44
CTSK,3,100,99,1561,0.3469387755102041,CCCC(C)(COC(N)=O)COC(=O)NC(C)C,CCCC[C@H](NC(=O)OC(C)(C)C)C(=O)C(N)=O,1
CTSK,4,100,98,1561,0.3902439024390244,COc1ccc(Cl)cc1C(=O)NCCc1ccc(S(=O)(=O)NC(=O)NC2CCCCC2)cc1,COc1ccc(CCNC(=O)c2cnc(C#N)nc2NC2CCCCC2)cc1,35
CTSK,5,100,99,1561,0.4262295081967213,CC(C)[C@H]1CC[C@H](C(=O)N[C@H](Cc2ccccc2)C(=O)O)CC1,N#CCNC(=O)[C@H](Cc1cccc(Cl)c1)NC(=O)C1CCCCCC1,88
CTSK,6,100,98,1561,0.42857142857142855,CCOC(=O)N1CCC(NCCNC(=O)c2ccc(F)cc2)CC1,N#CN1CC[C@@H](NC(=O)c2ccc(F)cc2)C1,96
CTSK,7,100,98,1561,0.45652173913043476,NC(=O)OCCCc1ccccc1,CCCC[C@@H](C=O)NC(=O)OCCCc1ccccc1,85
CTSK,8,100,98,1561,0.40298507462686567,CC(C)C[C@H](NC(=O)[C@H](Cc1ccccc1)NC(=O)CNC(=O)[C@H](C)NC(=O)[C@@H](N)Cc1ccc(O)cc1)C(=O)O,CC(C)C[C@H](NC(=O)OCc1ccccc1)C(=O)NCC(=O)CNC(=O)[C@H](CC(C)C)NC(=O)OCc1ccccc1,51
CTSK,9,100,98,1561,0.4262295081967213,CC(C)[C@H]1CC[C@H](C(=O)N[C@H](Cc2ccccc2)C(=O)O)CC1,N#CCNC(=O)[C@H](Cc1cccc(Cl)c1)NC(=O)C1CCCCCC1,62
EGFR,0,100,98,2246,0.6346153846153846,COc1cccc(-c2ccc3ncnc(NCc4cccc(C)c4)c3c2)c1,COc1ccc2ncnc(NCc3ccccc3)c2c1,92
EGFR,1,100,99,2246,0.8059701492537313,COc1cc(C=C(C#N)C(N)=O)cc(CSc2nc3ccccc3s2)c1O,COc1cc(/C=C(\C#N)C(N)=O)cc(CSc2nc3cc(Cl)ccc3s2)c1O,57
EGFR,2,100,100,2246,0.5116279069767442,CCN1CCN(Cc2ccc(C(=O)Nc3ccc(C)c(Oc4ccc5c(c4)CC(=O)N5)c3)cc2C(F)(F)F)CC1,Cc1ccc(C(=O)Nc2ccc(CN3CCN(C)CC3)c(C(F)(F)F)c2)cc1NC(=O)c1ccc(=O)[nH]c1,84
EGFR,3,100,99,2246,0.41818181818181815,CCCCCCCC(=O)c1c(O)cc(O)cc1CC(=O)OCC,CCOC(=O)Cc1cc(NCc2cc(O)ccc2O)ccc1O,94
EGFR,4,100,99,2246,0.7875,CC(C)(O)CC(=O)NCCn1ccc2ncnc(Nc3ccc(Oc4cccc(C(F)(F)F)c4)c(Cl)c3)c21,CC(C)(C(=O)NCCn1ccc2ncnc(Nc3ccc(Oc4cccc(C(F)(F)F)c4)c(Cl)c3)c21)S(C)(=O)=O,40
EGFR,5,100,100,2246,0.7391304347826086,COc1cc2ncnc(Nc3ccc(Cl)cc3F)c2cc1OC,COc1cc2ncnc(Nc3cc(Cl)c(Cl)cc3F)c2cc1OC,17
EGFR,6,100,99,2246,1.0,CCC(=C(c1ccccc1)c1ccc(OCCN(C)C)cc1)c1ccccc1,CC/C(=C(\c1ccccc1)c1ccc(OCCN(C)C)cc1)c1ccccc1,48
EGFR,7,100,99,2246,0.6727272727272727,CC(C)c1cc(/C=C(\C#N)C(=O)NCCCc2ccccc2)cc(C(C)C)c1O,N#C/C(=C\c1ccc(O)c(O)c1)C(=O)NCCCc1ccccc1,60
EGFR,8,100,99,2246,1.0,Cc1[nH]c(C=C2C(=O)Nc3ccc(F)cc32)c(C)c1C(=O)NC[C@H](O)CN1CCOCC1,Cc1[nH]c(/C=C2\C(=O)Nc3ccc(F)cc32)c(C)c1C(=O)NC[C@H](O)CN1CCOCC1,68
EGFR,9,100,98,2246,1.0,N#CC(=Cc1ccc(O)c(O)c1)C(=O)Nc1ccccc1,N#C/C(=C\c1ccc(O)c(O)c1)C(=O)Nc1ccccc1,65
HDAC1,0,100,94,988,0.84375,CC(C)c1c(C(=O)Nc2ccccc2)c(-c2ccccc2)c(-c2ccc(F)cc2)n1CCC(O)CC(O)CC(=O)O,CC(C)c1c(C(=O)Nc2ccccc2)c(-c2ccccc2)c(-c2ccc(F)cc2)n1CC[C@@H](O)C[C@@H](O)CC(O)=NO,5
HDAC1,1,100,97,988,0.6172839506172839,Cc1ccc(NC(=O)c2ccc(CN3CCN(C)CC3)cc2)cc1Nc1nc(-c2cccnc2)cs1,Cc1ccc(NC(=O)c2ccc(/C=C/C(O)=NO)cc2)cc1Nc1nc(-c2cccnc2)cs1,21
HDAC1,2,100,92,988,0.84375,CC(C)c1c(C(=O)Nc2ccccc2)c(-c2ccccc2)c(-c2ccc(F)cc2)n1CCC(O)CC(O)CC(=O)O,CC(C)c1c(C(=O)Nc2ccccc2)c(-c2ccccc2)c(-c2ccc(F)cc2)n1CC[C@@H](O)C[C@@H](O)CC(O)=NO,48
HDAC1,3,100,97,988,0.6904761904761905,CC(=O)Nc1ccc(C(=O)Nc2ccccc2N)cc1,CC(=O)Nc1ccc(C(=O)Nc2cc(-c3ccccc3)ccc2N)cc1,87
HDAC1,4,100,94,988,0.7872340425531915,Cc1ccc(C(=O)NCCCCCC(=O)Nc2ccccc2N)cc1,Nc1ccccc1NC(=O)CCCCCCNC(=O)c1ccc(-c2ccccc2)cc1,51
HDAC1,5,100,99,988,0.7872340425531915,Cc1ccc(C(=O)NCCCCCC(=O)Nc2ccccc2N)cc1,Nc1ccccc1NC(=O)CCCCCCNC(=O)c1ccc(-c2ccccc2)cc1,30
HDAC1,6,100,100,988,0.7872340425531915,Cc1ccc(C(=O)NCCCCCC(=O)Nc2ccccc2N)cc1,Nc1ccccc1NC(=O)CCCCCCNC(=O)c1ccc(-c2ccccc2)cc1,43
HDAC1,7,100,99,988,0.6904761904761905,CC(=O)Nc1ccc(C(=O)Nc2ccccc2N)cc1,CC(=O)Nc1ccc(C(=O)Nc2cc(-c3ccccc3)ccc2N)cc1,4
HDAC1,8,100,95,988,0.5733333333333334,CCC(C)(C)C(=O)O[C@H]1C[C@@H](C)C=C2C=C[C@H](C)[C@H](CC[C@@H]3C[C@@H](O)CC(=O)O3)[C@H]21,CCC(C)(C)C(=O)O[C@H]1C[C@@H](C)C=C2C=C[C@H](C)[C@H](CC[C@@H](O)C[C@@H](O)CC(O)=NO)[C@H]21,81
HDAC1,9,100,96,988,0.671875,C#Cc1cccc(Nc2ncnc3cc(OCCOC)c(OCCOC)cc23)c1,C#Cc1cccc(Nc2ncnc3cc(OC)c(OCCCCCCC(O)=NO)cc23)c1,68
MTOR,0,100,96,1480,1.0,O=C1Nc2ccc(I)cc2C1=Cc1cc(Br)c(O)c(Br)c1,O=C1Nc2ccc(I)cc2/C1=C/c1cc(Br)c(O)c(Br)c1,53
MTOR,1,100,96,1480,0.543859649122807,COc1ccc(CCCOC(Cn2ccnc2)c2ccc(OC)cc2)cc1,COc1ccc(CCCOc2cc(CCn3ccnc3)ccc2OC)cc1,15
MTOR,2,100,94,1480,0.8375,CCC(=O)N1CCN(c2ccc(-n3c(=O)ccc4cnc5ccc(-c6cnc7ccccc7c6)cc5c43)cc2C(F)(F)F)CC1,CN(C)CCC(=O)N1CCN(c2ccc(-n3c(=O)ccc4cnc5ccc(-c6cnc7ccccc7c6)cc5c43)cc2C(F)(F)F)CC1,24
MTOR,3,100,93,1480,1.0,Oc1ccc(C=Cc2cc(O)cc(O)c2)cc1,Oc1ccc(/C=C/c2cc(O)cc(O)c2)cc1,11
MTOR,4,100,98,1480,0.7457627118644068,Cn1c(=O)n(-c2ccc(C(C)(C)C#N)cc2)c2c3cc(-c4cnc5ccccc5c4)ccc3ncc21,Cn1c(=O)n(-c2ccc(C(C)(C)C#N)cc2)c2c3ccccc3ncc21,38
MTOR,5,100,99,1480,0.5697674418604651,COC1=C2C[C@@H](C)C[C@H](OC)[C@H](O)[C@@H](C)C=C(C)[C@H](OC(N)=O)[C@@H](OC)C=CC=C(C)C(=O)NC(=CC1=O)C2=O,CO[C@H]1[C@@H](OC)C[C@H](C)[C@@H](OC)C2=CC(=O)C=C(NC(=O)C(C)=CC=C[C@H](OC)[C@@H](OC(N)=O)C(C)=C[C@@H]1C)C2=O,0
MTOR,6,100,99,1480,1.0,Oc1ccc(C=Cc2cc(O)cc(O)c2)cc1,Oc1ccc(/C=C/c2cc(O)cc(O)c2)cc1,91
MTOR,7,100,100,1480,1.0,Oc1ccc(C=Cc2cc(O)cc(O)c2)cc1,Oc1ccc(/C=C/c2cc(O)cc(O)c2)cc1,5
MTOR,8,100,98,1480,1.0,CC(=Cc1ccc(C(=O)O)cc1)c1ccc2c(c1)C(C)(C)CCC2(C)C,C/C(=C\c1ccc(C(=O)O)cc1)c1ccc2c(c1)C(C)(C)CCC2(C)C,60
MTOR,9,100,97,1480,0.7384615384615385,C[C@@H]1COCCN1c1cc(C2(S(C)(=O)=O)CC2)nc(-c2cccc3[nH]ccc23)n1,CS(=O)(=O)C1(c2cc(N3CCOCC3)nc(-c3cccc4[nH]ccc34)n2)CCOCC1,58
PIK3CA,0,100,98,1177,0.6037735849056604,O=C1Nc2ccc(I)cc2C1=Cc1cc(Br)c(O)c(Br)c1,O=C1Nc2ccc(-c3cccnc3)cc2C1=Cc1cc(Br)c(O)c(Br)c1,53
PIK3CA,1,100,97,1177,0.4473684210526316,C=CC(=O)N1CCC[C@@H](n2nc(-c3ccc(Oc4ccccc4)cc3)c3c(N)ncnc32)C1,COc1ccc(-c2nn(C3CCCC3)c3ncnc(N)c23)cc1O,40
PIK3CA,2,100,97,1177,0.55,CC(=O)Nc1nc(C)c(-c2ccc(Cl)c(S(=O)(=O)NCCO)c2)s1,CC(=O)Nc1nc(C)c(-c2ccc(S(C)(=O)=O)c(Br)c2)s1,29
PIK3CA,3,100,95,1177,0.4507042253521127,Nc1ncnc2c1c(COc1cccc(Cl)c1)nn2C1CCOCC1,Nc1ncnc2c1c(-c1ccc(Cl)c(O)c1)nn2[C@@H]1CCOC1,78
PIK3CA,4,100,96,1177,0.3894736842105263,CC(C)(C)c1cc(NC(=O)Nc2ccc(-c3cn4c(n3)sc3cc(OCCN5CCOCC5)ccc34)cc2)no1,CC(=O)Nc1nc2ccc(-c3ccnc(OCCN4CCOCC4)n3)cc2s1,86
PIK3CA,5,100,99,1177,0.37209302325581395,COc1cccc(Nc2c(C(N)=O)cnc3c(C)cc(S(=O)(=O)c4cccc(C(=O)N(C)C)c4)cc23)c1,COc1cccc(Nc2nc(-c3cccc(C(N)=O)c3)nc3c2cnn3C)c1,18
PIK3CA,6,100,99,1177,1.0,Oc1ccc(C=Cc2cc(O)cc(O)c2)cc1,Oc1ccc(/C=C/c2cc(O)cc(O)c2)cc1,91
PIK3CA,7,100,99,1177,1.0,Oc1ccc(C=Cc2cc(O)cc(O)c2)cc1,Oc1ccc(/C=C/c2cc(O)cc(O)c2)cc1,5
PIK3CA,8,100,97,1177,0.5769230769230769,COc1cccc(-c2nc(-c3ccc(C(=O)O)cc3)no2)c1,COc1cccc(-c2nc(-c3cc4cc(OC)ccc4nc3O)no2)c1,28
PIK3CA,9,100,99,1177,0.38,Nc1nc(N)c2nc(-c3cccc(O)c3)c(-c3cccc(O)c3)nc2n1,Nc1ncnc2n[nH]c(-c3cccc(O)c3)c12,66
SMAD3,0,100,98,12413,0.8295454545454546,C[C@@H]1CCCCO[C@@H](CN(C)Cc2ccncc2)[C@@H](C)CN([C@H](C)CO)C(=O)c2cc(NC(=O)Nc3ccccc3)ccc2O1,C[C@@H]1CCCCO[C@@H](CN(C)Cc2ccc(Cl)c(Cl)c2)[C@@H](C)CN([C@H](C)CO)C(=O)c2cc(NC(=O)Nc3ccccc3)ccc2O1,47
SMAD3,1,100,99,12413,0.8518518518518519,C[C@@H]1CN([C@H](C)CO)C(=O)c2cccc(NC(=O)Nc3ccc(F)cc3)c2O[C@H]1CN(C)S(=O)(=O)c1ccc(Cl)cc1,COc1ccc(NC(=O)Nc2cccc3c2O[C@H](CN(C)S(=O)(=O)c2ccc(F)cc2)[C@@H](C)CN([C@H](C)CO)C3=O)cc1,1
SMAD3,2,100,98,12413,0.8205128205128205,CC(C)NC(=O)Nc1ccc2c(c1)C(=O)N([C@@H](C)CO)C[C@H](C)[C@H](CN(C)C)OCCCC[C@H](C)O2,C[C@@H]1CCCCO[C@H](CN(C)C)[C@H](C)CN([C@@H](C)CO)C(=O)c2cc(NC(=O)Nc3ccc(C(F)(F)F)cc3)ccc2O1,86
SMAD3,3,100,98,12413,0.9466666666666667,COc1ccc(S(=O)(=O)N(C)C[C@H]2Oc3c(NC(=O)Nc4ccccc4)cccc3C(=O)N([C@@H](C)CO)C[C@H]2C)cc1,COc1ccc(NC(=O)Nc2cccc3c2O[C@H](CN(C)S(=O)(=O)c2ccccc2)[C@@H](C)CN([C@H](C)CO)C3=O)cc1,59
SMAD3,4,100,98,12413,1.0,CN(C)CCC=C1c2ccccc2CSc2ccccc21,CN(C)CC/C=C1\c2ccccc2CSc2ccccc21,28
SMAD3,5,100,97,12413,0.7037037037037037,Cc1cccc(CN(C)C[C@H]2OCc3cn(nn3)CCCC(=O)N([C@H](C)CO)C[C@@H]2C)c1,C[C@H]1CN([C@@H](C)CO)C(=O)CCCn2cc(nn2)CO[C@@H]1CN(C)C(=O)Cc1ccccc1,74
SMAD3,6,100,99,12413,0.9142857142857143,C[C@H]1CN([C@@H](C)CO)C(=O)CCCn2nncc2CO[C@H]1CN(C)Cc1ccc(-c2ccccc2)cc1,C[C@@H]1CN([C@H](C)CO)C(=O)CCCn2nncc2CO[C@H]1CN(C)Cc1ccccc1,9
SMAD3,7,100,100,12413,0.8295454545454546,C[C@@H]1CN([C@H](C)CO)C(=O)c2cc(NC(=O)C3CCCCC3)ccc2O[C@@H](C)CCCCO[C@@H]1CN(C)Cc1ccc(Cl)c(Cl)c1,C[C@@H]1CCCCO[C@@H](CN(C)Cc2ccc(Cl)c(Cl)c2)[C@@H](C)CN([C@H](C)CO)C(=O)c2cc(NC(=O)Nc3ccccc3)ccc2O1,35
SMAD3,8,100,96,12413,0.9047619047619048,C[C@@H]1CCCCO[C@@H](CN(C)C(=O)Nc2ccccc2)[C@H](C)CN([C@H](C)CO)C(=O)c2cc(NC(=O)Nc3ccc4c(c3)OCO4)ccc2O1,C[C@H]1CCCCO[C@H](CN(C)C(=O)Nc2ccc(F)cc2)[C@@H](C)CN([C@@H](C)CO)C(=O)c2cc(NC(=O)Nc3ccc4c(c3)OCO4)ccc2O1,63
SMAD3,9,100,99,12413,0.8493150684931506,Cc1cccc(CN(C)C[C@@H]2OCc3cnnn3CCCC(=O)N([C@@H](C)CO)C[C@@H]2C)c1,C[C@@H]1CN([C@H](C)CO)C(=O)CCCn2nncc2CO[C@H]1CN(C)Cc1ccccc1,54
TP53,0,100,95,6734,0.7777777777777778,O=c1cc(-c2ccc(O)c(O)c2)oc2cc(O)cc(O)c12,O=c1cc(-c2ccc(O)cc2)oc2cc(O)cc(O)c12,78
TP53,1,100,99,6734,1.0,NCCCCCC(=O)O,NCCCCCCCCCCCC(=O)O,24
TP53,2,100,90,6734,1.0,C=C1C(=O)O[C@@H]2[C@H]3O[C@]3(C)CCC=C(C)CC[C@@H]12,C=C1C(=O)O[C@@H]2[C@@H]1CCC(C)=CCC[C@@]1(C)O[C@H]21,60
TP53,3,100,94,6734,1.0,Nc1nc(S)c2ncn([C@@H]3O[C@H](CO)[C@@H](O)[C@H]3O)c2n1,Nc1nc(S)c2ncn([C@H]3O[C@@H](CO)[C@@H](O)[C@@H]3O)c2n1,25
TP53,4,100,98,6734,1.0,CCN(CC)CCCC(C)Nc1c2ccc(Cl)cc2nc2ccc(OC)cc12,CCN(CC)CCC[C@H](C)Nc1c2ccc(Cl)cc2nc2ccc(OC)cc12,69
TP53,5,100,98,6734,1.0,C=C1C(=O)O[C@@H]2[C@H]3O[C@]3(C)CCC=C(C)CC[C@@H]12,C=C1C(=O)O[C@@H]2[C@@H]1CCC(C)=CCC[C@@]1(C)O[C@H]21,84
TP53,6,100,100,6734,1.0,Nc1ncn([C@@H]2O[C@H](CO)[C@@H](O)[C@H]2O)c(=O)n1,Nc1ncn([C@H]2O[C@@H](CO)[C@@H](O)[C@@H]2O)c(=O)n1,62
TP53,7,100,98,6734,1.0,Oc1ccc(C=Cc2cc(O)cc(O)c2)cc1,Oc1ccc(/C=C/c2cc(O)cc(O)c2)cc1,5
TP53,8,100,96,6734,0.8055555555555556,O=c1c(-c2ccc(O)cc2)coc2cc(O)cc(O)c12,O=c1c(-c2ccccc2)coc2cc(O)cc(O)c12,67
TP53,9,100,96,6734,1.0,CCN(CC)CCCC(C)Nc1c2ccc(Cl)cc2nc2ccc(OC)cc12,CCN(CC)CCC[C@H](C)Nc1c2ccc(Cl)cc2nc2ccc(OC)cc12,19
