target,cell_line,cell_line_idx,run_idx,seed,total_generated,valid_num,unique_num,novel_num,source_ligand_count,valid_rate,unique_rate,novel_rate,diversity,intdivp,max_tanimoto,tanimoto_pair_count,qed,sa,logp,lipinski,mw
AKT1,MCF7,9,0,42,100,94,93,5,2109,94.0,98.93617021276596,5.376344086021505,0.8934859891010983,0.7352395204522608,1.0,198246,0.5083681263929908,3.6920721418783624,3.822700000000004,0.4,428.5670000000001
AKT1,MCF7,9,1,43,100,97,94,3,2109,97.0,96.90721649484536,3.1914893617021276,0.878949654596831,0.6715380464182695,0.7368421052631579,204573,0.43056808473994906,3.6368691947503136,3.855000000000003,0.3333333333333333,560.9886666666669
AKT1,MCF7,9,2,44,100,95,91,10,2109,95.0,95.78947368421052,10.989010989010989,0.8897068212215302,0.7014774201912907,0.7777777777777778,200355,0.5198069416958148,3.508206325711146,2.699824000000001,0.5,418.73540000000014
AKT1,MCF7,9,3,45,100,99,92,9,2109,99.0,92.92929292929293,9.782608695652174,0.8899008566341468,0.72329827627241,0.711864406779661,208791,0.6067176153824042,3.69443210202306,3.953977777777781,0.5555555555555556,449.2220000000002
AKT1,MCF7,9,4,46,100,96,88,10,2109,96.0,91.66666666666667,11.363636363636363,0.8876996030671334,0.7043650265618456,0.6774193548387096,202464,0.4922197239871088,4.010493060376661,1.7782390000000023,0.5,482.88870000000014
AKT1,MCF7,9,5,47,100,96,91,6,2109,96.0,94.79166666666667,6.593406593406593,0.8908797129333357,0.7087951818259806,1.0,202464,0.6693633463639634,3.0468731552328263,4.0285533333333365,0.6666666666666666,416.1675000000002
AKT1,MCF7,9,6,48,100,98,92,5,2109,98.0,93.87755102040816,5.434782608695652,0.8889517205751825,0.6983556036814393,1.0,206682,0.3521592338298398,3.0408078808664363,5.773660000000005,0.2,493.8102000000001
AKT1,MCF7,9,7,49,100,98,95,7,2109,98.0,96.93877551020408,7.368421052631579,0.8892926862078105,0.7139104295420549,1.0,206682,0.45275400271688754,3.2221255357013594,4.161220000000004,0.42857142857142855,430.2447142857145
AKT1,MCF7,9,8,50,100,93,85,2,2109,93.0,91.39784946236558,2.3529411764705883,0.8915561711107187,0.7259094860846109,0.7741935483870968,196137,0.3607554955297017,4.417917296535221,-0.09656499999999979,0.5,571.6790000000001
AKT1,MCF7,9,9,51,100,95,91,6,2109,95.0,95.78947368421052,6.593406593406593,0.8816118036098168,0.6841753446254593,1.0,200355,0.5033353055504824,3.6684628692072794,2.4061400000000006,0.5,489.6628333333334
AKT2,MCF7,9,0,42,100,97,95,5,1259,97.0,97.9381443298969,5.2631578947368425,0.8917178029850383,0.7578497455417909,1.0,122123,0.7196991264322025,2.7095114233482858,3.1072160000000015,1,314.21440000000007
AKT2,MCF7,9,1,43,100,99,97,7,1259,99.0,97.97979797979798,7.216494845360825,0.8872243486291292,0.7337533574182514,0.711864406779661,124641,0.4185579830375745,3.348112851804338,5.117371428571431,0.2857142857142857,500.15757142857154
AKT2,MCF7,9,2,44,100,95,94,4,1259,95.0,98.94736842105263,4.25531914893617,0.8902942221283014,0.7178665465030981,1.0,119605,0.4772434867990595,3.5722245923448157,2.6689800000000017,1,453.55275000000023
AKT2,MCF7,9,3,45,100,96,93,4,1259,96.0,96.875,4.301075268817204,0.8901909821216729,0.7471586769645079,1.0,120864,0.4841499558551198,3.4146016917719386,3.900000000000003,0.5,500.61300000000017
AKT2,MCF7,9,4,46,100,97,95,5,1259,97.0,97.9381443298969,5.2631578947368425,0.8943902636519693,0.7268563396546311,0.5974025974025974,122123,0.4571883418649371,4.33019320099241,1.5482540000000031,0.6,528.7448000000002
AKT2,MCF7,9,5,47,100,97,93,3,1259,97.0,95.87628865979381,3.225806451612903,0.8920198708174023,0.7354093147463284,1.0,122123,0.6121055417375452,3.069840652797957,4.328740000000003,0.6666666666666666,378.7603333333334
AKT2,MCF7,9,6,48,100,99,98,2,1259,99.0,98.98989898989899,2.0408163265306123,0.895274309312749,0.7396478402453546,1.0,124641,0.596825106183341,3.392335076773495,2.386750000000001,0.5,392.00750000000016
AKT2,MCF7,9,7,49,100,100,98,3,1259,100.0,98.0,3.061224489795918,0.897732717592157,0.742198925187362,0.7368421052631579,125900,0.4465691359697237,3.4401178468672025,4.801160000000004,0.3333333333333333,522.3083333333335
AKT2,MCF7,9,8,50,100,95,91,3,1259,95.0,95.78947368421052,3.2967032967032965,0.8929895095481131,0.7394932983210184,1.0,119605,0.6645084465374022,3.0858936713874248,3.327233333333335,0.6666666666666666,423.5523333333335
AKT2,MCF7,9,9,51,100,97,96,3,1259,97.0,98.96907216494846,3.125,0.8909382678244624,0.7306452809212256,0.711864406779661,122123,0.4726254348915323,3.6036308133340316,2.4125233333333354,0.6666666666666666,478.53499999999997
AURKB,MCF7,9,0,42,100,95,91,4,2068,95.0,95.78947368421052,4.395604395604396,0.8901244641593969,0.7327685057056935,1.0,196460,0.5051185098162091,2.9253061165742444,4.955325000000005,0.25,429.9057500000001
AURKB,MCF7,9,1,43,100,99,96,4,2068,99.0,96.96969696969697,4.166666666666667,0.8871907392248477,0.6956522933769453,0.8571428571428571,204732,0.48407239951613523,3.2979170585282525,3.7560300000000026,0.75,495.09100000000024
AURKB,MCF7,9,2,44,100,94,90,4,2068,94.0,95.74468085106383,4.444444444444445,0.8840525786600263,0.6853763311793947,1.0,194392,0.5752328963660567,3.8200584460893166,3.7502800000000027,0.75,463.1077500000002
AURKB,MCF7,9,3,45,100,97,95,7,2068,97.0,97.9381443298969,7.368421052631579,0.8953910976813748,0.7225506855964081,0.7692307692307693,200596,0.5064439886618841,3.3203608326984027,3.544197142857145,0.5714285714285714,407.2425714285715
AURKB,MCF7,9,4,46,100,97,91,6,2068,97.0,93.81443298969072,6.593406593406593,0.8906518840340307,0.7249698721459499,1.0,200596,0.4538486541168565,4.334687943761091,2.7750983333333368,0.3333333333333333,493.9130000000001
AURKB,MCF7,9,5,47,100,99,93,3,2068,99.0,93.93939393939394,3.225806451612903,0.8898941350358542,0.7138756572726649,1.0,204732,0.6884598703971603,2.591304160753376,4.31306666666667,0.6666666666666666,347.18466666666677
AURKB,MCF7,9,6,48,100,96,94,7,2068,96.0,97.91666666666667,7.446808510638298,0.8892831830313732,0.7049462720375498,1.0,198528,0.5416116786190337,3.711919921856611,4.6688185714285755,0.42857142857142855,447.0377142857144
AURKB,MCF7,9,7,49,100,100,96,3,2068,100.0,96.0,3.125,0.8918007154326953,0.7172234696238877,0.9210526315789473,206800,0.4664294617121797,4.308957403019203,4.775466666666671,0.3333333333333333,485.66466666666685
AURKB,MCF7,9,8,50,100,92,90,1,2068,92.0,97.82608695652173,1.1111111111111112,0.8903612675060826,0.7175100540474274,1.0,190256,0.6842940164023317,4.234135385446143,0.6950999999999996,1,371.4370000000002
AURKB,MCF7,9,9,51,100,97,90,4,2068,97.0,92.78350515463917,4.444444444444445,0.8810541751968366,0.6907042806687662,1.0,200596,0.5264753864292949,3.1635494654889764,4.144650000000003,0.75,422.54350000000005
CTSK,MCF7,9,0,42,100,100,98,11,1561,100.0,98.0,11.224489795918368,0.8663918880449171,0.6849650324109857,0.42105263157894735,156100,0.538374909141946,3.9576580245736155,3.435896363636366,0.6363636363636364,461.8473636363638
CTSK,MCF7,9,1,43,100,99,96,16,1561,99.0,96.96969696969697,16.666666666666668,0.8712975791265941,0.710282812099306,0.4262295081967213,154539,0.48845357686783686,3.91309468744419,3.928202500000003,0.4375,503.30350000000016
CTSK,MCF7,9,2,44,100,99,95,13,1561,99.0,95.95959595959596,13.68421052631579,0.8652944226128179,0.6896010433799026,0.36065573770491804,154539,0.6054198766801557,3.2618059528787846,3.522473846153848,0.6923076923076923,441.12969230769244
CTSK,MCF7,9,3,45,100,99,95,12,1561,99.0,95.95959595959596,12.631578947368421,0.8743511578687554,0.7019761261189386,0.3469387755102041,154539,0.46363694367214375,3.8551026701134203,3.605221666666669,0.4166666666666667,506.7965833333335
CTSK,MCF7,9,4,46,100,98,95,13,1561,98.0,96.93877551020408,13.68421052631579,0.8747953786272085,0.7111574342170398,0.3902439024390244,152978,0.5510561642201363,4.016059471041562,3.7802069230769257,0.6153846153846154,481.6441538461541
CTSK,MCF7,9,5,47,100,99,98,5,1561,99.0,98.98989898989899,5.1020408163265305,0.8694432705603261,0.7407649046798646,0.4262295081967213,154539,0.5992603972308099,3.4061919545909656,2.4606880000000015,0.8,430.1278000000002
CTSK,MCF7,9,6,48,100,98,96,7,1561,98.0,97.95918367346938,7.291666666666667,0.8656182736478251,0.6996356565221037,0.42857142857142855,152978,0.38927513721672313,4.006423610840003,4.354625714285718,0.2857142857142857,577.6742857142859
CTSK,MCF7,9,7,49,100,98,96,8,1561,98.0,97.95918367346938,8.333333333333334,0.8685393089920705,0.7148054372629552,0.45652173913043476,152978,0.512090224264448,3.806247314803665,4.5349100000000035,0.375,533.6815000000001
CTSK,MCF7,9,8,50,100,98,96,12,1561,98.0,97.95918367346938,12.5,0.8729156567291201,0.7168133018242555,0.40298507462686567,152978,0.4992946549141542,3.643720286901921,4.02736666666667,0.3333333333333333,504.2724166666669
CTSK,MCF7,9,9,51,100,98,96,8,1561,98.0,97.95918367346938,8.333333333333334,0.8703756739280833,0.6998874115014267,0.4262295081967213,152978,0.5453673494335967,3.2783282993596363,3.554760000000002,0.5,402.0568750000001
EGFR,MCF7,9,0,42,100,98,98,6,2246,98.0,100.0,6.122448979591836,0.8847154221683594,0.6904289838603342,0.6346153846153846,220108,0.4504319890857797,4.004838831640648,3.533253333333336,0.6666666666666666,547.3338333333335
EGFR,MCF7,9,1,43,100,99,99,12,2246,99.0,100.0,12.121212121212121,0.879013699547724,0.7195230612599743,0.8059701492537313,222354,0.4542551612034498,4.099611809398873,3.5375350000000028,0.4166666666666667,537.8202500000002
EGFR,MCF7,9,2,44,100,100,97,9,2246,100.0,97.0,9.278350515463918,0.8669455195245686,0.6759429362762136,0.5116279069767442,224600,0.541912297362262,3.9454216405056064,3.558600000000003,0.4444444444444444,479.4343333333335
EGFR,MCF7,9,3,45,100,99,97,11,2246,99.0,97.97979797979798,11.34020618556701,0.8803067973542644,0.680807039283783,0.41818181818181815,222354,0.5544898026487715,4.1791613809878525,3.4239309090909114,0.5454545454545454,516.9414545454548
EGFR,MCF7,9,4,46,100,99,99,8,2246,99.0,100.0,8.080808080808081,0.8739758328686751,0.6996535455885211,0.7875,222354,0.4399686908229268,4.121987343270593,3.5117187500000044,0.375,551.8827500000002
EGFR,MCF7,9,5,47,100,100,99,2,2246,100.0,99.0,2.0202020202020203,0.8710700343236082,0.7135055754109727,0.7391304347826086,224600,0.3789002109834616,3.6649721726356264,3.824620000000002,0,567.6425000000004
EGFR,MCF7,9,6,48,100,99,95,9,2246,99.0,95.95959595959596,9.473684210526315,0.8707339442323769,0.6962280898013607,1.0,222354,0.4910932899856145,3.6413892556329457,4.330095555555559,0.3333333333333333,515.1173333333335
EGFR,MCF7,9,7,49,100,99,95,4,2246,99.0,95.95959595959596,4.2105263157894735,0.8724176091480624,0.716292044878105,0.6727272727272727,222354,0.5423056831050593,3.587432071865571,4.349995000000003,0.5,488.1342500000002
EGFR,MCF7,9,8,50,100,99,99,12,2246,99.0,100.0,12.121212121212121,0.8768079971254767,0.7008221986086982,1.0,222354,0.488290771478383,3.7879329651860782,4.2397500000000035,0.16666666666666666,529.5131666666668
EGFR,MCF7,9,9,51,100,98,97,11,2246,98.0,98.9795918367347,11.34020618556701,0.8701085125328819,0.7043643463093142,1.0,220108,0.6303757019282632,4.007621113701089,2.751532727272729,0.6363636363636364,459.64400000000023
HDAC1,MCF7,9,0,42,100,94,93,4,988,94.0,98.93617021276596,4.301075268817204,0.8936611396506479,0.7243716565819935,0.84375,92872,0.592595767291442,2.651239916933445,3.4647500000000018,0.75,397.2025000000001
HDAC1,MCF7,9,1,43,100,97,95,6,988,97.0,97.9381443298969,6.315789473684211,0.8889958734979878,0.6962703740686033,0.6172839506172839,95836,0.4022267363858923,3.3923322556843867,3.8139866666666693,0.3333333333333333,502.4965000000002
HDAC1,MCF7,9,2,44,100,92,89,9,988,92.0,96.73913043478261,10.112359550561798,0.8855968830583657,0.7017485428411826,0.84375,90896,0.5818902996414903,3.216277746588604,3.0416800000000013,0.7777777777777778,419.6383333333335
HDAC1,MCF7,9,3,45,100,97,93,8,988,97.0,95.87628865979381,8.602150537634408,0.8928949911262679,0.7375664532437819,0.6904761904761905,95836,0.5171704317052693,3.4842474262810446,3.9226475000000027,0.5,486.93550000000016
HDAC1,MCF7,9,4,46,100,94,88,8,988,94.0,93.61702127659575,9.090909090909092,0.8914352011445966,0.7352707909248019,0.7872340425531915,92872,0.5539398917119293,3.7325104989834634,2.7548362500000034,0.5,447.5338750000001
HDAC1,MCF7,9,5,47,100,99,91,2,988,99.0,91.91919191919192,2.197802197802198,0.8899220712009014,0.708714762897439,0.7872340425531915,97812,0.6148107690942874,3.2357901886455,5.210000000000004,0.5,459.13850000000025
HDAC1,MCF7,9,6,48,100,100,97,5,988,100.0,97.0,5.154639175257732,0.8891118915335255,0.7224393946201756,0.7872340425531915,98800,0.4120723902932606,3.495832618592754,4.739348000000004,0.2,514.2434000000002
HDAC1,MCF7,9,7,49,100,99,95,6,988,99.0,95.95959595959596,6.315789473684211,0.889097884879319,0.7129469719186358,0.6904761904761905,97812,0.4775094126474706,3.816335359552827,4.711323333333336,0.3333333333333333,479.23983333333354
HDAC1,MCF7,9,8,50,100,95,90,3,988,95.0,94.73684210526316,3.3333333333333335,0.893667389770515,0.7429225425902359,0.5733333333333334,93860,0.46961436127259376,3.6738379590217636,2.5386000000000015,0.6666666666666666,422.1903333333335
HDAC1,MCF7,9,9,51,100,96,93,7,988,96.0,96.875,7.526881720430108,0.8856610001602898,0.6935932404128757,0.671875,94848,0.49333426882588843,3.454809161286373,3.3473771428571446,0.42857142857142855,502.75071428571437
MTOR,MCF7,9,0,42,100,96,92,1,1480,96.0,95.83333333333333,1.0869565217391304,0.8890128529524852,0.7424394958525298,1.0,142080,0.7530728005117788,1.2378919536092,2.8638000000000012,1,214.268
MTOR,MCF7,9,1,43,100,96,96,6,1480,96.0,100.0,6.25,0.889306836852827,0.7099530141746443,0.543859649122807,142080,0.5537467634186845,2.803732618093754,3.139433333333335,0.8333333333333334,359.0970000000001
MTOR,MCF7,9,2,44,100,94,87,3,1480,94.0,92.55319148936171,3.4482758620689653,0.8816492496458104,0.6747383854540481,0.8375,139120,0.5487422095966111,3.879678831969555,2.8773000000000017,0.6666666666666666,496.6036666666669
MTOR,MCF7,9,3,45,100,93,91,6,1480,93.0,97.84946236559139,6.593406593406593,0.8926008130594739,0.7405226549719213,1.0,137640,0.5662908940446134,2.9000163514807817,3.0469333333333357,0.6666666666666666,365.1528333333335
MTOR,MCF7,9,4,46,100,98,93,5,1480,98.0,94.89795918367346,5.376344086021505,0.8883437243828937,0.7211063844375775,0.7457627118644068,145040,0.5005585921280048,3.820726198188929,2.0818340000000037,0.6,487.9534000000001
MTOR,MCF7,9,5,47,100,99,93,3,1480,99.0,93.93939393939394,3.225806451612903,0.8862563668828687,0.7147958504377739,0.5697674418604651,146520,0.5554257703113255,3.4654419421760427,3.235233333333337,0.6666666666666666,400.2046666666668
MTOR,MCF7,9,6,48,100,99,95,3,1480,99.0,95.95959595959596,3.1578947368421053,0.884861020816074,0.715543774269343,1.0,146520,0.6153936552164678,3.75448740531005,3.729573333333336,0.3333333333333333,434.87533333333346
MTOR,MCF7,9,7,49,100,100,94,3,1480,100.0,94.0,3.1914893617021276,0.8931395478918246,0.7216266280789264,1.0,148000,0.46895987612781376,3.445484929745149,2.169333333333336,0.6666666666666666,386.12966666666676
MTOR,MCF7,9,8,50,100,98,93,4,1480,98.0,94.89795918367346,4.301075268817204,0.8880902546485367,0.7277916453514748,1.0,145040,0.5240199161732282,3.628510769332785,2.0942250000000007,0.75,417.62575000000015
MTOR,MCF7,9,9,51,100,97,91,3,1480,97.0,93.81443298969072,3.2967032967032965,0.8828889424720645,0.6967351540582538,0.7384615384615385,143560,0.5331338379008411,3.2786961310143923,3.8668000000000027,0.6666666666666666,382.8213333333334
PIK3CA,MCF7,9,0,42,100,98,98,3,1177,98.0,100.0,3.061224489795918,0.8945079846941344,0.7709555783557155,0.6037735849056604,115346,0.8352167728166165,2.3657563536605255,2.4172600000000006,1,281.365
PIK3CA,MCF7,9,1,43,100,97,97,6,1177,97.0,100.0,6.185567010309279,0.8849715481547127,0.719341886165118,0.4473684210526316,114169,0.37133027431959786,3.6795691490305606,4.531606666666671,0.16666666666666666,565.771666666667
PIK3CA,MCF7,9,2,44,100,97,94,6,1177,97.0,96.90721649484536,6.382978723404255,0.888770722229652,0.7332665478703907,0.55,114169,0.46997038635151417,3.685170270628847,3.2967333333333357,0.3333333333333333,510.3973333333335
PIK3CA,MCF7,9,3,45,100,95,94,3,1177,95.0,98.94736842105263,3.1914893617021276,0.8927889928010188,0.7232203962320201,0.4507042253521127,111815,0.5727293702570919,4.561866493234587,3.379326666666668,0.3333333333333333,514.6593333333336
PIK3CA,MCF7,9,4,46,100,96,92,7,1177,96.0,95.83333333333333,7.608695652173913,0.8908374174648537,0.7317595424508277,0.3894736842105263,112992,0.5688663202568227,3.396357810334134,3.308252857142861,0.5714285714285714,457.2467142857144
PIK3CA,MCF7,9,5,47,100,99,98,2,1177,99.0,98.98989898989899,2.0408163265306123,0.8906567814122712,0.7405054544240813,0.37209302325581395,116523,0.6524479843437927,2.9335968902506484,2.898250000000001,1,392.3325000000001
PIK3CA,MCF7,9,6,48,100,99,98,4,1177,99.0,98.98989898989899,4.081632653061225,0.8890531078701084,0.7184401190133003,1.0,116523,0.5170119949608971,3.597371770152128,4.491500000000004,0.25,525.0277500000001
PIK3CA,MCF7,9,7,49,100,99,95,5,1177,99.0,95.95959595959596,5.2631578947368425,0.8861957177997639,0.7236283663804433,1.0,116523,0.3677201645782618,4.222075294485223,5.376724000000006,0,604.9632000000001
PIK3CA,MCF7,9,8,50,100,97,97,9,1177,97.0,100.0,9.278350515463918,0.8948479927906869,0.7453398102994002,0.5769230769230769,114169,0.6034809251249087,3.5510534842952217,3.331508888888891,0.6666666666666666,447.0773333333335
PIK3CA,MCF7,9,9,51,100,99,97,10,1177,99.0,97.97979797979798,10.309278350515465,0.8893008209938289,0.7372362656062937,0.38,116523,0.5033915581981337,3.6473039848726065,2.704464000000001,0.6,463.0035000000001
SMAD3,MCF7,9,0,42,100,98,98,14,12413,98.0,100.0,14.285714285714286,0.8629027218194842,0.6531691939975567,0.8295454545454546,1216474,0.5118659026043285,3.749916397311466,3.8057628571428594,0.5,473.2813571428573
SMAD3,MCF7,9,1,43,100,99,98,17,12413,99.0,98.98989898989899,17.346938775510203,0.8560918993010762,0.6573264612275876,0.8518518518518519,1228887,0.4853246393664957,3.836628222862762,3.6947364705882384,0.47058823529411764,484.20529411764727
SMAD3,MCF7,9,2,44,100,98,98,10,12413,98.0,100.0,10.204081632653061,0.8547365744200084,0.6307669665722663,0.8205128205128205,1216474,0.47129648752734926,3.7403152193912494,4.148570000000004,0.2,520.7249000000002
SMAD3,MCF7,9,3,45,100,98,96,14,12413,98.0,97.95918367346938,14.583333333333334,0.8545288906459996,0.6404252112990392,0.9466666666666667,1216474,0.49460686299473133,4.229392943334242,3.701100000000003,0.2857142857142857,564.0065714285716
SMAD3,MCF7,9,4,46,100,98,97,9,12413,98.0,98.9795918367347,9.278350515463918,0.8598059504941011,0.6593337514615507,1.0,1216474,0.43616330463585584,3.794170193230181,3.7751077777777824,0.3333333333333333,542.1218888888891
SMAD3,MCF7,9,5,47,100,97,94,9,12413,97.0,96.90721649484536,9.574468085106384,0.8614033331763346,0.6850557927039589,0.7037037037037037,1204061,0.4315835567846027,3.629706482330592,3.8984555555555587,0.4444444444444444,488.08766666666685
SMAD3,MCF7,9,6,48,100,99,97,9,12413,99.0,97.97979797979798,9.278350515463918,0.8589853217685967,0.6610583337300131,0.9142857142857143,1228887,0.4936759196468408,3.995412429434313,3.7965400000000025,0.3333333333333333,545.8810000000002
SMAD3,MCF7,9,7,49,100,100,96,9,12413,100.0,96.0,9.375,0.857906614591011,0.6756940125728482,0.8295454545454546,1241300,0.3864467897890546,3.865244982621971,5.295528888888894,0.1111111111111111,586.611777777778
SMAD3,MCF7,9,8,50,100,96,93,11,12413,96.0,96.875,11.827956989247312,0.8658635385343629,0.6821512852296178,0.9047619047619048,1191648,0.46013216952220704,3.7340861561887926,3.956369090909094,0.5454545454545454,520.9398181818184
SMAD3,MCF7,9,9,51,100,99,98,16,12413,99.0,98.98989898989899,16.3265306122449,0.8634820760454986,0.6968767781536958,0.8493150684931506,1228887,0.5686107022902415,4.008648956215077,3.4943650000000024,0.5625,486.4318750000002
TP53,MCF7,9,0,42,100,95,93,3,6734,95.0,97.89473684210526,3.225806451612903,0.899310272417455,0.7716169317768462,0.7777777777777778,639730,0.8074695987906477,1.9075359010419994,3.3607266666666686,1,288.0356666666667
TP53,MCF7,9,1,43,100,99,97,5,6734,99.0,97.97979797979798,5.154639175257732,0.8924902905492962,0.7397626425402983,1.0,666666,0.3763024676589065,3.214194905677501,5.906400000000002,0.2,522.9822000000003
TP53,MCF7,9,2,44,100,90,87,7,6734,90.0,96.66666666666667,8.045977011494253,0.889722400047058,0.6990470731758835,1.0,606060,0.6168225807132295,2.928811369503898,2.5455171428571437,0.8571428571428571,386.07857142857165
TP53,MCF7,9,3,45,100,94,88,5,6734,94.0,93.61702127659575,5.681818181818182,0.8970198980619833,0.7650629178570525,1.0,632996,0.6384655553128274,3.0517381689744063,2.4957080000000014,0.8,399.8810000000001
TP53,MCF7,9,4,46,100,98,95,3,6734,98.0,96.93877551020408,3.1578947368421053,0.8970494062379547,0.7270243471492814,1.0,659932,0.28720159770991194,4.664006196832145,1.795056666666669,0.3333333333333333,662.0876666666667
TP53,MCF7,9,5,47,100,98,94,2,6734,98.0,95.91836734693878,2.127659574468085,0.8872272946593691,0.7113841541377721,1.0,659932,0.39908989237235487,3.885508240402254,4.702050000000004,0,569.1925000000001
TP53,MCF7,9,6,48,100,100,100,2,6734,100.0,100.0,2.0,0.8984572750425398,0.7520067668638183,1.0,673400,0.6327710040364509,4.225571629692958,2.2085500000000002,1,378.4370000000001
TP53,MCF7,9,7,49,100,98,96,1,6734,98.0,97.95918367346938,1.0416666666666667,0.8958013694843936,0.7375552512759912,1.0,659932,0.3455351655983457,4.032887279318307,5.9960000000000075,0,563.7640000000001
TP53,MCF7,9,8,50,100,96,92,2,6734,96.0,95.83333333333333,2.1739130434782608,0.8925483596897228,0.7349021678151457,0.8055555555555556,646464,0.7347437619422788,1.754456973181842,4.738350000000003,0.5,325.5690000000001
TP53,MCF7,9,9,51,100,96,92,2,6734,96.0,95.83333333333333,2.1739130434782608,0.8973876529876126,0.7372734848065696,1.0,646464,0.791429692752352,2.5162515970719044,3.5807000000000024,1,325.413
